Cement,Slag,Fly,Water,Superplasticizer,Coarse,Fine,age,CCS
540,0,0,162,2.5,1040,676,49.8247999,130.4695983
540,0,0,162,2.5,1055,676,51.268497,156.5629604
332.5,142.5,0,228,0,932,594,20.80148456,112.0793297
332.5,142.5,0,228,0,932,594,51.0434155,121.5826577
198.6,132.4,0,192,0,978.4,825.5,22.67640374,117.8285354
266,114,0,228,0,932,670,45.79180498,119.5273007
380,95,0,228,0,932,594,57.17543838,154.0077756
380,95,0,228,0,932,594,48.70568754,141.0792797
266,114,0,228,0,932,670,57.10946039,151.0497443
475,0,0,228,0,932,594,31.36920478,139.9331484
198.6,132.4,0,192,0,978.4,825.5,42.22899721,113.1123664
198.6,132.4,0,192,0,978.4,825.5,41.90806611,128.3140642
427.5,47.5,0,228,0,932,594,43.31391418,125.7491952
190,190,0,228,0,932,670,43.31959652,126.5855259
304,76,0,228,0,932,670,20.04793365,96.8069203
380,0,0,228,0,932,670,37.64471415,118.9891561
139.6,209.4,0,192,0,1047,806.9,32.52610005,117.4626699
342,38,0,228,0,932,670,49.60057865,132.8055147
380,95,0,228,0,932,594,25.53307378,131.5204722
475,0,0,228,0,932,594,54.87111109,156.0799062
427.5,47.5,0,228,0,932,594,40.92279228,110.9056588
139.6,209.4,0,192,0,1047,806.9,43.16412238,111.3329727
139.6,209.4,0,192,0,1047,806.9,54.60792469,146.2608066
139.6,209.4,0,192,0,1047,806.9,44.69692205,125.0556971
380,0,0,228,0,932,670,39.59125705,110.4131646
380,0,0,228,0,932,670,34.99199655,116.6894192
380,95,0,228,0,932,594,47.86679273,134.6365525
342,38,0,228,0,932,670,27.66850157,161.5078527
427.5,47.5,0,228,0,932,594,53.55707157,146.6144974
475,0,0,228,0,932,594,55.30036374,153.4851823
304,76,0,228,0,932,670,44.76912687,114.6786806
266,114,0,228,0,932,670,30.09252083,131.9811955
198.6,132.4,0,192,0,978.4,825.5,27.04667384,139.3615609
475,0,0,228,0,932,594,48.19314797,119.6128047
190,190,0,228,0,932,670,41.33935907,127.9763036
237.5,237.5,0,228,0,932,594,47.52529114,127.3557136
237.5,237.5,0,228,0,932,594,48.03306741,122.65487
332.5,142.5,0,228,0,932,594,26.1389046,132.6083263
475,0,0,228,0,932,594,40.25321595,129.6036862
237.5,237.5,0,228,0,932,594,34.18878792,138.4318636
342,38,0,228,0,932,670,43.25405483,117.8503256
427.5,47.5,0,228,0,932,594,56.29735817,155.7989529
237.5,237.5,0,228,0,932,594,53.81011063,148.5833692
380,0,0,228,0,932,670,29.29139135,119.0108297
427.5,47.5,0,228,0,932,594,46.34919138,122.3059107
427.5,47.5,0,228,0,932,594,51.08522723,137.1160876
349,0,0,192,0,1047,806.9,29.61327415,137.0316658
380,95,0,228,0,932,594,45.1347088,122.2649074
237.5,237.5,0,228,0,932,594,43.72536094,124.736423
380,95,0,228,0,932,594,25.05231735,136.4375743
332.5,142.5,0,228,0,932,594,45.40006761,131.8410041
190,190,0,228,0,932,670,35.19908337,115.7168353
237.5,237.5,0,228,0,932,594,26.15647074,145.3926172
304,76,0,228,0,932,670,52.30924164,124.1161943
139.6,209.4,0,192,0,1047,806.9,23.16004614,126.4967809
198.6,132.4,0,192,0,978.4,825.5,25.77183575,139.0598742
475,0,0,228,0,932,594,23.45234433,122.7224737
198.6,132.4,0,192,0,978.4,825.5,38.46469841,130.155245
304,76,0,228,0,932,670,52.34788217,151.4091017
332.5,142.5,0,228,0,932,594,47.29869071,124.5942927
304,76,0,228,0,932,670,34.72713871,118.2208053
266,114,0,228,0,932,670,39.57370796,129.8635951
310,0,0,192,0,971,850.6,30.19462729,129.9697647
190,190,0,228,0,932,670,54.5879395,151.1028421
266,114,0,228,0,932,670,38.39470871,131.4762758
342,38,0,228,0,932,670,35.76745649,117.6813375
139.6,209.4,0,192,0,1047,806.9,50.3701964,132.622104
332.5,142.5,0,228,0,932,594,40.16531304,129.1748766
190,190,0,228,0,932,670,46.77306988,127.106541
485,0,0,146,0,1120,800,44.08685539,137.4531725
374,189.2,0,170.1,10.1,926.1,756.7,57.31290437,156.714239
313.3,262.2,0,175.5,8.6,1046.9,611.8,33.86280113,123.5913799
425,106.3,0,153.5,16.5,852.1,887.1,43.42405485,118.3486392
425,106.3,0,151.4,18.6,936,803.7,32.50056279,141.6683644
375,93.8,0,126.6,23.4,852.1,992.6,22.6965258,115.1749946
475,118.8,0,181.1,8.9,852.1,781.5,35.20297862,143.5119725
469,117.2,0,137.8,32.2,852.1,840.5,41.9894344,122.5931093
425,106.3,0,153.5,16.5,852.1,887.1,35.57293884,125.0494635
388.6,97.1,0,157.9,12.1,852.1,925.7,25.98452154,131.5150702
531.3,0,0,141.8,28.2,852.1,893.7,24.88374867,138.3668007
425,106.3,0,153.5,16.5,852.1,887.1,43.4891626,127.2491712
318.8,212.5,0,155.7,14.3,852.1,880.4,41.43967682,123.8060195
401.8,94.7,0,147.4,11.4,946.8,852.1,33.22648124,128.1236272
362.6,189,0,164.9,11.6,944.7,755.8,53.79327683,130.177167
323.7,282.8,0,183.8,10.3,942.7,659.9,57.21525637,145.5848188
379.5,151.2,0,153.9,15.9,1134.3,605,45.79628094,133.2187944
362.6,189,0,164.9,11.6,944.7,755.8,31.55993309,149.4256905
286.3,200.9,0,144.7,11.2,1004.6,803.7,58.24272704,159.2479199
362.6,189,0,164.9,11.6,944.7,755.8,33.25787059,125.4951444
439,177,0,186,11.1,884.9,707.9,52.93081518,141.2210027
389.9,189,0,145.9,22,944.7,755.8,54.1431993,133.3006538
362.6,189,0,164.9,11.6,944.7,755.8,54.19411094,147.3465221
337.9,189,0,174.9,9.5,944.7,755.8,26.08597415,136.7414202
374,189.2,0,170.1,10.1,926.1,756.7,25.86400987,150.4412628
313.3,262.2,0,175.5,8.6,1046.9,611.8,40.63675454,122.3783429
425,106.3,0,153.5,16.5,852.1,887.1,59.74361879,137.8970881
425,106.3,0,151.4,18.6,936,803.7,34.86201821,136.9740744
375,93.8,0,126.6,23.4,852.1,992.6,34.89131568,119.8015255
475,118.8,0,181.1,8.9,852.1,781.5,47.55941507,123.1289681
469,117.2,0,137.8,32.2,852.1,840.5,40.49402416,117.9510616
425,106.3,0,153.5,16.5,852.1,887.1,51.24745566,150.6068881
388.6,97.1,0,157.9,12.1,852.1,925.7,49.93727423,124.6305317
531.3,0,0,141.8,28.2,852.1,893.7,30.48994758,122.2113166
425,106.3,0,153.5,16.5,852.1,887.1,37.76263869,119.1429276
318.8,212.5,0,155.7,14.3,852.1,880.4,33.15432161,131.797288
401.8,94.7,0,147.4,11.4,946.8,852.1,55.99667317,146.6449396
362.6,189,0,164.9,11.6,944.7,755.8,25.35253046,138.4672457
323.7,282.8,0,183.8,10.3,942.7,659.9,30.69147008,131.8567969
379.5,151.2,0,153.9,15.9,1134.3,605,26.31300739,139.9303389
362.6,189,0,164.9,11.6,944.7,755.8,42.54734718,124.183114
286.3,200.9,0,144.7,11.2,1004.6,803.7,49.155454,127.8443197
362.6,189,0,164.9,11.6,944.7,755.8,27.79090724,135.6755591
439,177,0,186,11.1,884.9,707.9,44.74074638,117.4905963
389.9,189,0,145.9,22,944.7,755.8,44.99944056,119.8020916
362.6,189,0,164.9,11.6,944.7,755.8,29.35028335,126.3470974
337.9,189,0,174.9,9.5,944.7,755.8,21.34616225,113.695607
374,189.2,0,170.1,10.1,926.1,756.7,26.75985571,137.0303131
313.3,262.2,0,175.5,8.6,1046.9,611.8,25.24536724,129.3064883
425,106.3,0,153.5,16.5,852.1,887.1,49.4007534,138.0771976
425,106.3,0,151.4,18.6,936,803.7,40.03660337,135.5862601
375,93.8,0,126.6,23.4,852.1,992.6,49.84810063,130.2443757
475,118.8,0,181.1,8.9,852.1,781.5,35.44402934,132.9901279
469,117.2,0,137.8,32.2,852.1,840.5,43.66587789,130.8507632
425,106.3,0,153.5,16.5,852.1,887.1,43.81541572,110.881409
388.6,97.1,0,157.9,12.1,852.1,925.7,46.41199146,130.4347561
531.3,0,0,141.8,28.2,852.1,893.7,25.27082097,137.728904
425,106.3,0,153.5,16.5,852.1,887.1,47.45016875,137.9730798
318.8,212.5,0,155.7,14.3,852.1,880.4,47.90772391,139.2108307
401.8,94.7,0,147.4,11.4,946.8,852.1,26.98870862,114.0047299
362.6,189,0,164.9,11.6,944.7,755.8,26.03669979,138.4261937
323.7,282.8,0,183.8,10.3,942.7,659.9,41.26134008,121.7004507
379.5,151.2,0,153.9,15.9,1134.3,605,34.43095523,125.7873156
362.6,189,0,164.9,11.6,944.7,755.8,48.76969994,133.1035843
286.3,200.9,0,144.7,11.2,1004.6,803.7,57.54302171,157.303501
362.6,189,0,164.9,11.6,944.7,755.8,38.52953627,136.7203732
439,177,0,186,11.1,884.9,707.9,56.24722255,153.7635974
389.9,189,0,145.9,22,944.7,755.8,46.47448469,135.1250746
362.6,189,0,164.9,11.6,944.7,755.8,25.0383587,144.9348305
337.9,189,0,174.9,9.5,944.7,755.8,45.69820057,127.445439
374,189.2,0,170.1,10.1,926.1,756.7,31.78342756,130.7003196
313.3,262.2,0,175.5,8.6,1046.9,611.8,53.96561355,134.6634352
425,106.3,0,153.5,16.5,852.1,887.1,56.72407571,164.2800222
425,106.3,0,151.4,18.6,936,803.7,43.18348642,141.0316532
375,93.8,0,126.6,23.4,852.1,992.6,45.96464325,117.1754463
475,118.8,0,181.1,8.9,852.1,781.5,56.72279981,151.4512172
469,117.2,0,137.8,32.2,852.1,840.5,58.28711028,151.0281062
425,106.3,0,153.5,16.5,852.1,887.1,34.1978435,129.7896807
388.6,97.1,0,157.9,12.1,852.1,925.7,34.05650962,130.7844451
531.3,0,0,141.8,28.2,852.1,893.7,26.4703218,136.5548174
425,106.3,0,153.5,16.5,852.1,887.1,36.68042783,114.7483508
318.8,212.5,0,155.7,14.3,852.1,880.4,43.85417252,136.1144116
401.8,94.7,0,147.4,11.4,946.8,852.1,32.37796376,138.1759246
362.6,189,0,164.9,11.6,944.7,755.8,59.29824288,150.5558396
323.7,282.8,0,183.8,10.3,942.7,659.9,43.61577556,124.656247
379.5,151.2,0,153.9,15.9,1134.3,605,23.04883518,143.2941781
362.6,189,0,164.9,11.6,944.7,755.8,28.74993172,140.7931642
286.3,200.9,0,144.7,11.2,1004.6,803.7,25.47895865,134.5916716
362.6,189,0,164.9,11.6,944.7,755.8,43.1651555,121.1715951
439,177,0,186,11.1,884.9,707.9,43.7114501,130.6886411
389.9,189,0,145.9,22,944.7,755.8,43.25116144,121.0704832
362.6,189,0,164.9,11.6,944.7,755.8,45.34524044,141.3978527
337.9,189,0,174.9,9.5,944.7,755.8,27.90604847,135.5163167
374,189.2,0,170.1,10.1,926.1,756.7,21.90338822,110.9032084
313.3,262.2,0,175.5,8.6,1046.9,611.8,30.45551392,136.9275358
425,106.3,0,153.5,16.5,852.1,887.1,50.63962962,144.0008824
425,106.3,0,151.4,18.6,936,803.7,24.5264698,128.4607908
375,93.8,0,126.6,23.4,852.1,992.6,50.24216792,127.6571654
475,118.8,0,181.1,8.9,852.1,781.5,55.24043312,132.3892206
469,117.2,0,137.8,32.2,852.1,840.5,21.83818812,125.3376217
425,106.3,0,153.5,16.5,852.1,887.1,28.97370639,131.8943056
388.6,97.1,0,157.9,12.1,852.1,925.7,40.35437211,123.3426758
531.3,0,0,141.8,28.2,852.1,893.7,34.60994514,119.2397141
425,106.3,0,153.5,16.5,852.1,887.1,57.48390423,139.5726373
318.8,212.5,0,155.7,14.3,852.1,880.4,50.14163732,128.875834
401.8,94.7,0,147.4,11.4,946.8,852.1,25.33528139,140.6696167
362.6,189,0,164.9,11.6,944.7,755.8,26.76636368,138.9932962
379.5,151.2,0,153.9,15.9,1134.3,605,36.75879796,140.0542222
362.6,189,0,164.9,11.6,944.7,755.8,35.23284378,126.6786334
286.3,200.9,0,144.7,11.2,1004.6,803.7,33.69910367,139.2747848
362.6,189,0,164.9,11.6,944.7,755.8,32.88823919,134.5800574
439,177,0,186,11.1,884.9,707.9,33.10436349,120.0822412
389.9,189,0,145.9,22,944.7,755.8,31.05468613,140.8825788
362.6,189,0,164.9,11.6,944.7,755.8,26.95148019,132.0463162
337.9,189,0,174.9,9.5,944.7,755.8,51.89280653,133.0627905
222.4,0,96.7,189.3,4.5,967.1,870.3,56.58852572,149.5892632
222.4,0,96.7,189.3,4.5,967.1,870.3,51.97849015,138.3327829
222.4,0,96.7,189.3,4.5,967.1,870.3,45.69440263,146.7406979
222.4,0,96.7,189.3,4.5,967.1,870.3,23.40138053,127.7885721
222.4,0,96.7,189.3,4.5,967.1,870.3,53.83825525,139.132798
233.8,0,94.6,197.9,4.6,947,852.2,55.74479809,157.1711561
233.8,0,94.6,197.9,4.6,947,852.2,42.27722015,127.0262148
233.8,0,94.6,197.9,4.6,947,852.2,39.46407419,131.2353381
233.8,0,94.6,197.9,4.6,947,852.2,54.40691265,148.7601492
233.8,0,94.6,197.9,4.6,947,852.2,27.7703525,135.2419792
194.7,0,100.5,165.6,7.5,1006.4,905.9,55.07294255,137.2396009
194.7,0,100.5,165.6,7.5,1006.4,905.9,52.96295782,152.4304264
194.7,0,100.5,165.6,7.5,1006.4,905.9,35.69648642,127.6296592
194.7,0,100.5,165.6,7.5,1006.4,905.9,22.1362957,110.9029378
194.7,0,100.5,165.6,7.5,1006.4,905.9,52.31380606,144.708862
190.7,0,125.4,162.1,7.8,1090,804,54.26418575,154.7990777
190.7,0,125.4,162.1,7.8,1090,804,43.01997671,126.0946668
190.7,0,125.4,162.1,7.8,1090,804,32.63128465,110.3896176
190.7,0,125.4,162.1,7.8,1090,804,50.58583749,144.8064655
190.7,0,125.4,162.1,7.8,1090,804,29.15917086,137.1853282
212.1,0,121.6,180.3,5.7,1057.6,779.3,26.86087735,128.4763335
212.1,0,121.6,180.3,5.7,1057.6,779.3,45.895851,137.8856669
212.1,0,121.6,180.3,5.7,1057.6,779.3,45.38752683,130.4282813
212.1,0,121.6,180.3,5.7,1057.6,779.3,33.06694263,116.9641473
212.1,0,121.6,180.3,5.7,1057.6,779.3,20.28719004,93.67555134
230,0,118.3,195.5,4.6,1029.4,758.6,47.49674746,115.0495982
230,0,118.3,195.5,4.6,1029.4,758.6,36.12044615,125.1802069
230,0,118.3,195.5,4.6,1029.4,758.6,32.42468365,121.7725303
230,0,118.3,195.5,4.6,1029.4,758.6,45.90127404,128.2247078
230,0,118.3,195.5,4.6,1029.4,758.6,38.07621437,104.3848066
190.3,0,125.2,161.9,9.9,1088.1,802.6,23.29751501,133.5390303
190.3,0,125.2,161.9,9.9,1088.1,802.6,59.3315453,147.5190377
190.3,0,125.2,161.9,9.9,1088.1,802.6,28.89033966,131.334396
190.3,0,125.2,161.9,9.9,1088.1,802.6,27.45522389,134.0617961
190.3,0,125.2,161.9,9.9,1088.1,802.6,43.01525111,138.0122879
166.1,0,163.3,176.5,4.5,1058.6,780.1,41.93192709,116.3888159
166.1,0,163.3,176.5,4.5,1058.6,780.1,30.93215906,139.7489023
166.1,0,163.3,176.5,4.5,1058.6,780.1,58.52051659,142.95764
166.1,0,163.3,176.5,4.5,1058.6,780.1,21.05289426,104.508815
166.1,0,163.3,176.5,4.5,1058.6,780.1,32.49286802,140.9084808
168,42.1,163.8,121.8,5.7,1058.7,780.1,55.76452139,156.7599708
168,42.1,163.8,121.8,5.7,1058.7,780.1,33.69693611,128.1165722
168,42.1,163.8,121.8,5.7,1058.7,780.1,20.20762925,92.36940872
168,42.1,163.8,121.8,5.7,1058.7,780.1,48.42553027,135.5116522
168,42.1,163.8,121.8,5.7,1058.7,780.1,35.94639665,124.0448501
213.7,98.1,24.5,181.7,6.9,1065.8,785.4,21.86055145,116.5787142
213.7,98.1,24.5,181.7,6.9,1065.8,785.4,35.1733268,124.8890221
213.7,98.1,24.5,181.7,6.9,1065.8,785.4,43.51158487,115.2624798
213.7,98.1,24.5,181.7,6.9,1065.8,785.4,42.48167305,117.0766372
213.7,98.1,24.5,181.7,6.9,1065.8,785.4,49.27125797,130.8994423
213.8,98.1,24.5,181.7,6.7,1066,785.5,49.73303917,124.0917556
213.8,98.1,24.5,181.7,6.7,1066,785.5,35.78841738,114.8048624
213.8,98.1,24.5,181.7,6.7,1066,785.5,57.01268573,149.5147015
213.8,98.1,24.5,181.7,6.7,1066,785.5,30.08146658,137.0237394
213.8,98.1,24.5,181.7,6.7,1066,785.5,21.79062009,117.1300148
229.7,0,118.2,195.2,6.1,1028.1,757.6,39.52800275,118.6392752
229.7,0,118.2,195.2,6.1,1028.1,757.6,57.13734589,150.6684777
229.7,0,118.2,195.2,6.1,1028.1,757.6,30.75179037,132.0764622
229.7,0,118.2,195.2,6.1,1028.1,757.6,43.23220345,117.6503276
229.7,0,118.2,195.2,6.1,1028.1,757.6,44.9622257,132.0733477
238.1,0,94.1,186.7,7,949.9,847,45.14150644,114.5889552
238.1,0,94.1,186.7,7,949.9,847,44.60520451,125.7072029
238.1,0,94.1,186.7,7,949.9,847,46.97457494,123.5738364
238.1,0,94.1,186.7,7,949.9,847,48.13461513,135.1354156
238.1,0,94.1,186.7,7,949.9,847,29.20064982,141.0528732
250,0,95.7,187.4,5.5,956.9,861.2,31.32480152,129.9636816
250,0,95.7,187.4,5.5,956.9,861.2,24.17120819,128.0042977
250,0,95.7,187.4,5.5,956.9,861.2,44.75901403,126.8247555
250,0,95.7,187.4,5.5,956.9,861.2,44.74833613,132.1886223
250,0,95.7,187.4,5.5,956.9,861.2,32.46062142,112.4272844
212.5,0,100.4,159.3,8.7,1007.8,903.6,45.79833481,125.2522409
212.5,0,100.4,159.3,8.7,1007.8,903.6,35.88441813,122.2371526
212.5,0,100.4,159.3,8.7,1007.8,903.6,23.87896612,129.085056
212.5,0,100.4,159.3,8.7,1007.8,903.6,37.44857537,122.6617912
212.5,0,100.4,159.3,8.7,1007.8,903.6,27.25878778,139.9800865
212.6,0,100.4,159.4,10.4,1003.8,903.8,30.78935151,136.936993
212.6,0,100.4,159.4,10.4,1003.8,903.8,40.70632207,118.6420026
212.6,0,100.4,159.4,10.4,1003.8,903.8,42.00609564,120.0423109
212.6,0,100.4,159.4,10.4,1003.8,903.8,36.84378677,130.0376807
212.6,0,100.4,159.4,10.4,1003.8,903.8,25.55807259,132.9663075
212,0,124.8,159,7.8,1085.4,799.5,30.81948897,117.593361
212,0,124.8,159,7.8,1085.4,799.5,28.77644207,126.447893
212,0,124.8,159,7.8,1085.4,799.5,35.00224931,120.6087251
212,0,124.8,159,7.8,1085.4,799.5,46.15361012,133.2353901
212,0,124.8,159,7.8,1085.4,799.5,30.28930794,127.1763716
231.8,0,121.6,174,6.7,1056.4,778.5,25.08525805,132.6692783
231.8,0,121.6,174,6.7,1056.4,778.5,46.57050377,129.0097067
231.8,0,121.6,174,6.7,1056.4,778.5,28.29366661,136.6637146
231.8,0,121.6,174,6.7,1056.4,778.5,45.69616852,118.7311808
231.8,0,121.6,174,6.7,1056.4,778.5,25.02866446,125.9495211
251.4,0,118.3,188.5,5.8,1028.4,757.7,28.74564255,137.3134524
251.4,0,118.3,188.5,5.8,1028.4,757.7,34.51825077,112.6475522
251.4,0,118.3,188.5,5.8,1028.4,757.7,54.11726552,145.8125128
251.4,0,118.3,188.5,5.8,1028.4,757.7,22.35269397,128.0870971
251.4,0,118.3,188.5,5.8,1028.4,757.7,40.26957317,135.0348894
251.4,0,118.3,188.5,6.4,1028.4,757.7,35.38169372,134.984804
251.4,0,118.3,188.5,6.4,1028.4,757.7,44.52040151,137.2017605
251.4,0,118.3,188.5,6.4,1028.4,757.7,59.3515698,153.0450894
251.4,0,118.3,188.5,6.4,1028.4,757.7,33.32957389,122.0169174
251.4,0,118.3,188.5,6.4,1028.4,757.7,57.72257384,151.6886164
181.4,0,167,169.6,7.6,1055.6,777.8,37.49642729,107.7775359
181.4,0,167,169.6,7.6,1055.6,777.8,26.51181469,146.3416009
181.4,0,167,169.6,7.6,1055.6,777.8,22.86757611,118.1342287
181.4,0,167,169.6,7.6,1055.6,777.8,56.9798007,156.4909487
181.4,0,167,169.6,7.6,1055.6,777.8,22.56462895,136.2881826
182,45.2,122,170.2,8.2,1059.4,780.7,41.25490041,118.828347
182,45.2,122,170.2,8.2,1059.4,780.7,23.55541608,140.5920521
182,45.2,122,170.2,8.2,1059.4,780.7,30.58428622,128.3882165
182,45.2,122,170.2,8.2,1059.4,780.7,36.04043785,124.166874
182,45.2,122,170.2,8.2,1059.4,780.7,34.00753289,120.8023179
168.9,42.2,124.3,158.3,10.8,1080.8,796.2,54.3988285,154.1679999
168.9,42.2,124.3,158.3,10.8,1080.8,796.2,25.11595347,132.2046165
168.9,42.2,124.3,158.3,10.8,1080.8,796.2,47.67261186,133.3223987
168.9,42.2,124.3,158.3,10.8,1080.8,796.2,30.15189677,135.5569173
168.9,42.2,124.3,158.3,10.8,1080.8,796.2,49.7318783,123.5648422
290.4,0,96.2,168.1,9.4,961.2,865,22.2749186,125.8404797
290.4,0,96.2,168.1,9.4,961.2,865,40.79462922,128.1705743
290.4,0,96.2,168.1,9.4,961.2,865,40.07290235,117.0426994
290.4,0,96.2,168.1,9.4,961.2,865,52.09398421,133.5561453
290.4,0,96.2,168.1,9.4,961.2,865,57.03529968,156.3977156
277.1,0,97.4,160.6,11.8,973.9,875.6,35.40178904,129.5919954
277.1,0,97.4,160.6,11.8,973.9,875.6,35.1945662,121.5832813
277.1,0,97.4,160.6,11.8,973.9,875.6,47.1490978,129.5947724
277.1,0,97.4,160.6,11.8,973.9,875.6,51.46052426,130.6184166
277.1,0,97.4,160.6,11.8,973.9,875.6,29.85999968,122.8798761
295.7,0,95.6,171.5,8.9,955.1,859.2,23.24766492,133.0466396
295.7,0,95.6,171.5,8.9,955.1,859.2,36.63872786,133.4933813
295.7,0,95.6,171.5,8.9,955.1,859.2,23.53703312,124.950282
295.7,0,95.6,171.5,8.9,955.1,859.2,56.50664578,148.5314357
295.7,0,95.6,171.5,8.9,955.1,859.2,30.69893267,123.1673085
251.8,0,99.9,146.1,12.4,1006,899.8,41.1579552,118.2602088
251.8,0,99.9,146.1,12.4,1006,899.8,41.69021592,118.602763
251.8,0,99.9,146.1,12.4,1006,899.8,33.50122144,126.6448568
251.8,0,99.9,146.1,12.4,1006,899.8,52.11584856,153.7360334
251.8,0,99.9,146.1,12.4,1006,899.8,57.60530415,145.6050061
249.1,0,98.8,158.1,12.8,987.8,889,59.50772803,164.1235223
249.1,0,98.8,158.1,12.8,987.8,889,27.84117794,137.0301315
249.1,0,98.8,158.1,12.8,987.8,889,43.9206591,125.9205641
249.1,0,98.8,158.1,12.8,987.8,889,47.62481239,130.4834508
249.1,0,98.8,158.1,12.8,987.8,889,33.69777626,124.9326026
252.3,0,98.8,146.3,14.2,987.8,889,46.05082748,125.765732
252.3,0,98.8,146.3,14.2,987.8,889,29.73040493,127.9222135
252.3,0,98.8,146.3,14.2,987.8,889,45.27209418,136.9350271
252.3,0,98.8,146.3,14.2,987.8,889,29.15420383,136.5628702
252.3,0,98.8,146.3,14.2,987.8,889,45.21601599,110.9813779
246.8,0,125.1,143.3,12,1086.8,800.9,36.81335168,127.5819022
246.8,0,125.1,143.3,12,1086.8,800.9,51.14215313,133.2855676
246.8,0,125.1,143.3,12,1086.8,800.9,45.92719909,135.0460069
246.8,0,125.1,143.3,12,1086.8,800.9,35.88040082,120.8115463
246.8,0,125.1,143.3,12,1086.8,800.9,47.17501381,131.8164601
275.1,0,121.4,159.5,9.9,1053.6,777.5,32.33167863,130.4546961
275.1,0,121.4,159.5,9.9,1053.6,777.5,33.60979127,115.496058
275.1,0,121.4,159.5,9.9,1053.6,777.5,59.46363247,152.963645
275.1,0,121.4,159.5,9.9,1053.6,777.5,59.99398313,167.3491189
275.1,0,121.4,159.5,9.9,1053.6,777.5,47.01882261,121.9555112
297.2,0,117.5,174.8,9.5,1022.8,753.5,34.17844233,117.4992753
297.2,0,117.5,174.8,9.5,1022.8,753.5,47.84171575,138.7678636
297.2,0,117.5,174.8,9.5,1022.8,753.5,37.99842328,125.1470817
297.2,0,117.5,174.8,9.5,1022.8,753.5,31.53622328,113.7293606
297.2,0,117.5,174.8,9.5,1022.8,753.5,34.59864125,132.0717225
213.7,0,174.7,154.8,10.2,1053.5,776.4,46.07779988,123.6882999
213.7,0,174.7,154.8,10.2,1053.5,776.4,25.4844706,136.2588561
213.7,0,174.7,154.8,10.2,1053.5,776.4,20.70377116,110.63816
213.7,0,174.7,154.8,10.2,1053.5,776.4,41.72896844,119.062763
213.7,0,174.7,154.8,10.2,1053.5,776.4,23.38622876,125.5275684
213.5,0,174.2,154.6,11.7,1052.3,775.5,51.49219803,151.907282
213.5,0,174.2,154.6,11.7,1052.3,775.5,32.96707177,121.9746645
213.5,0,174.2,154.6,11.7,1052.3,775.5,42.75372551,125.7057754
213.5,0,174.2,154.6,11.7,1052.3,775.5,48.15412506,132.8931117
213.5,0,174.2,154.6,11.7,1052.3,775.5,42.55845867,117.6789835
277.2,97.8,24.5,160.7,11.2,1061.7,782.5,20.18331768,110.6650026
277.2,97.8,24.5,160.7,11.2,1061.7,782.5,53.16204432,144.3087364
277.2,97.8,24.5,160.7,11.2,1061.7,782.5,45.69183866,126.2160118
277.2,97.8,24.5,160.7,11.2,1061.7,782.5,23.64436171,132.0548204
277.2,97.8,24.5,160.7,11.2,1061.7,782.5,59.79038564,140.554009
218.2,54.6,123.8,140.8,11.9,1075.7,792.7,35.0510387,121.6525704
218.2,54.6,123.8,140.8,11.9,1075.7,792.7,31.33336673,123.703009
218.2,54.6,123.8,140.8,11.9,1075.7,792.7,27.38310249,145.4545151
218.2,54.6,123.8,140.8,11.9,1075.7,792.7,41.01425431,135.8413528
218.2,54.6,123.8,140.8,11.9,1075.7,792.7,42.35803301,126.9849287
214.9,53.8,121.9,155.6,9.6,1014.3,780.6,33.11906001,119.0083581
214.9,53.8,121.9,155.6,9.6,1014.3,780.6,32.18931652,131.824698
214.9,53.8,121.9,155.6,9.6,1014.3,780.6,47.89390213,127.2863606
214.9,53.8,121.9,155.6,9.6,1014.3,780.6,43.13424995,122.3600604
214.9,53.8,121.9,155.6,9.6,1014.3,780.6,45.47651055,113.1973332
218.9,0,124.1,158.5,11.3,1078.7,794.9,53.09468347,148.224023
218.9,0,124.1,158.5,11.3,1078.7,794.9,37.98503324,120.8456159
218.9,0,124.1,158.5,11.3,1078.7,794.9,26.89650499,132.7214054
218.9,0,124.1,158.5,11.3,1078.7,794.9,50.31237336,129.8009527
218.9,0,124.1,158.5,11.3,1078.7,794.9,29.35466352,123.4209525
376,0,0,214.6,0,1003.5,762.4,56.95876902,160.385156
376,0,0,214.6,0,1003.5,762.4,33.0294312,134.483523
376,0,0,214.6,0,1003.5,762.4,22.03274922,107.2496588
376,0,0,214.6,0,1003.5,762.4,28.35532328,132.0868743
376,0,0,214.6,0,1003.5,762.4,26.11513115,144.4281713
500,0,0,140,4,966,853,31.41477169,127.1134436
475,0,59,142,1.9,1098,641,41.86393625,118.6050342
315,137,0,145,5.9,1130,745,30.25039194,136.712417
505,0,60,195,0,1030,630,56.49293161,147.185107
451,0,0,165,11.3,1030,745,38.82157007,115.8580068
516,0,0,162,8.2,801,802,46.00707104,120.4603817
520,0,0,170,5.2,855,855,59.97443836,140.6223278
528,0,0,185,6.9,920,720,43.98351291,122.0284645
520,0,0,175,5.2,870,805,28.66122271,143.9980898
385,0,136,158,20,903,768,35.64014897,127.2096425
500.1,0,0,200,3,1124.4,613.2,31.05149318,129.2166406
450.1,50,0,200,3,1124.4,613.2,23.13039916,114.0867634
397,17.2,158,167,20.8,967,633,42.78921585,131.4521521
333,17.5,163,167,17.9,996,652,49.29773386,118.7502268
334,17.6,158,189,15.3,967,633,36.88226702,131.6925822
405,0,0,175,0,1120,695,56.30172104,152.8521343
200,200,0,190,0,1145,660,39.73433644,130.929697
516,0,0,162,8.3,801,802,45.42473636,136.4788581
145,116,119,184,5.7,833,880,24.74049206,143.623799
160,128,122,182,6.4,824,879,21.77325629,121.8351619
234,156,0,189,5.9,981,760,47.07633582,131.5320818
250,180,95,159,9.5,860,800,21.15423616,115.8462881
475,0,0,162,9.5,1044,662,57.49815504,154.8366338
285,190,0,163,7.6,1031,685,51.91091752,142.1365953
356,119,0,160,9,1061,657,46.71918033,122.1431023
275,180,120,162,10.4,830,765,43.89637937,126.8349058
500,0,0,151,9,1033,655,20.54053359,110.3296034
165,0,143.6,163.8,0,1005.6,900.9,28.72397033,150.9957258
165,128.5,132.1,175.1,8.1,1005.8,746.6,50.00976086,138.7024192
178,129.8,118.6,179.9,3.6,1007.3,746.8,34.1742881,106.4331413
167.4,129.9,128.6,175.5,7.8,1006.3,746.6,31.17692265,119.998256
172.4,13.6,172.4,156.8,4.1,1006.3,856.4,52.29912723,146.7605083
173.5,50.1,173.5,164.8,6.5,1006.2,793.5,21.09963566,115.1206001
167,75.4,167,164,7.9,1007.3,770.1,20.41757296,99.07750045
173.8,93.4,159.9,172.3,9.7,1007.2,746.6,56.85305987,148.8249837
190.3,0,125.2,166.6,9.9,1079,798.9,48.94468106,129.0595367
250,0,95.7,191.8,5.3,948.9,857.2,38.78454123,127.1262001
213.5,0,174.2,159.2,11.7,1043.6,771.9,50.59239986,140.5858814
194.7,0,100.5,170.2,7.5,998,901.8,45.82308433,125.6500273
251.4,0,118.3,192.9,5.8,1043.6,754.3,40.63364079,139.0186014
165,0,143.6,163.8,0,1005.6,900.9,59.08619847,155.742174
165,128.5,132.1,175.1,8.1,1005.8,746.6,30.89683835,118.0668029
178,129.8,118.6,179.9,3.6,1007.3,746.8,23.06404741,129.0526664
167.4,129.9,128.6,175.5,7.8,1006.3,746.6,29.74377782,131.7344385
172.4,13.6,172.4,156.8,4.1,1006.3,856.4,59.1366472,149.4129942
173.5,50.1,173.5,164.8,6.5,1006.2,793.5,42.27259141,106.6134686
167,75.4,167,164,7.9,1007.3,770.1,28.83003484,139.7592781
173.8,93.4,159.9,172.3,9.7,1007.2,746.6,56.52206187,154.6035025
190.3,0,125.2,166.6,9.9,1079,798.9,33.81789693,131.0242324
250,0,95.7,191.8,5.3,948.9,857.2,27.34036026,129.1878968
213.5,0,174.2,159.2,11.7,1043.6,771.9,43.83231275,120.6308072
194.7,0,100.5,170.2,7.5,998,901.8,52.42017167,143.321572
251.4,0,118.3,192.9,5.8,1043.6,754.3,32.03214544,129.0655726
165,0,143.6,163.8,0,1005.6,900.9,35.1086042,122.0220364
165,128.5,132.1,175.1,8.1,1005.8,746.6,28.08792627,134.3095072
178,129.8,118.6,179.9,3.6,1007.3,746.8,42.3812669,132.4773465
167.4,129.9,128.6,175.5,7.8,1006.3,746.6,44.27644123,125.8436717
172.4,13.6,172.4,156.8,4.1,1006.3,856.4,20.40850824,100.0787937
173.5,50.1,173.5,164.8,6.5,1006.2,793.5,43.68305648,123.0012422
167,75.4,167,164,7.9,1007.3,770.1,42.06154851,120.5133651
173.8,93.4,159.9,172.3,9.7,1007.2,746.6,43.05338237,128.9744657
190.3,0,125.2,166.6,9.9,1079,798.9,46.94532573,130.1643506
250,0,95.7,191.8,5.3,948.9,857.2,39.56172103,131.2782732
213.5,0,174.2,159.2,11.7,1043.6,771.9,21.81008594,128.4271721
194.7,0,100.5,170.2,7.5,998,901.8,21.7974174,121.7069379
251.4,0,118.3,192.9,5.8,1043.6,754.3,53.26529469,141.0801098
165,0,143.6,163.8,0,1005.6,900.9,23.09697641,111.0265826
165,128.5,132.1,175.1,8.1,1005.8,746.6,50.63774476,142.9038805
178,129.8,118.6,179.9,3.6,1007.3,746.8,37.32583888,145.0715381
167.4,129.9,128.6,175.5,7.8,1006.3,746.6,56.33836036,133.8530643
172.4,13.6,172.4,156.8,4.1,1006.3,856.4,44.07041858,134.2439583
173.5,50.1,173.5,164.8,6.5,1006.2,793.5,37.78946513,124.821531
167,75.4,167,164,7.9,1007.3,770.1,28.61724658,150.6687079
173.8,93.4,159.9,172.3,9.7,1007.2,746.6,30.8656419,141.1291589
190.3,0,125.2,166.6,9.9,1079,798.9,26.93103417,140.2836752
250,0,95.7,191.8,5.3,948.9,857.2,39.5408437,132.1430054
213.5,0,174.2,159.2,11.7,1043.6,771.9,24.98594751,117.9508858
194.7,0,100.5,170.2,7.5,998,901.8,40.44653035,115.3664838
251.4,0,118.3,192.9,5.8,1043.6,754.3,35.09655847,125.9825844
165,0,143.6,163.8,0,1005.6,900.9,47.8147293,132.8139939
165,128.5,132.1,175.1,8.1,1005.8,746.6,21.87480544,121.0228441
178,129.8,118.6,179.9,3.6,1007.3,746.8,52.6455202,121.659406
167.4,129.9,128.6,175.5,7.8,1006.3,746.6,24.15263169,128.2224375
172.4,13.6,172.4,156.8,4.1,1006.3,856.4,33.45488122,126.1177426
173.5,50.1,173.5,164.8,6.5,1006.2,793.5,46.53380821,125.9539467
167,75.4,167,164,7.9,1007.3,770.1,41.99247424,118.4420449
173.8,93.4,159.9,172.3,9.7,1007.2,746.6,51.98995892,157.8503541
190.3,0,125.2,166.6,9.9,1079,798.9,30.85924074,136.6445342
250,0,95.7,191.8,5.3,948.9,857.2,32.89028283,138.3793655
213.5,0,174.2,159.2,11.7,1043.6,771.9,43.76287453,117.8247804
194.7,0,100.5,170.2,7.5,998,901.8,28.46099951,145.1049824
251.4,0,118.3,192.9,5.8,1043.6,754.3,34.63952424,149.2410687
446,24,79,162,11.6,967,712,37.16024661,113.4454641
446,24,79,162,11.6,967,712,37.98600792,122.9894092
446,24,79,162,11.6,967,712,23.79732551,114.1837278
446,24,79,162,10.3,967,712,39.61013633,103.8350549
446,24,79,162,11.6,967,712,46.60385136,124.7292315
446,24,79,162,11.6,967,712,21.02094375,107.00392
446,24,79,162,11.6,967,712,27.34391642,130.396052
446,24,79,162,11.6,967,712,34.88893412,122.9423122
446,24,79,162,11.6,967,712,44.19838418,125.8857475
446,24,79,162,11.6,967,712,31.42573841,123.3108205
446,24,79,162,11.6,967,712,50.44342297,125.2536919
446,24,79,162,11.6,967,712,25.12605778,144.5663616
446,24,79,162,11.6,967,712,29.58382071,136.8565644
446,24,79,162,10.3,967,712,42.30333229,129.1361436
387,20,94,157,14.3,938,845,31.9508051,127.9075615
387,20,94,157,13.9,938,845,45.6128817,134.3557112
387,20,94,157,11.6,938,845,51.42480365,140.2954889
387,20,94,157,14.3,938,845,32.98128981,132.3760095
387,20,94,157,13.9,938,845,53.66536669,156.6897019
387,20,94,157,11.6,938,845,35.38832283,109.6604476
387,20,94,157,14.3,938,845,42.27214802,126.2355253
387,20,94,157,13.9,938,845,26.05496232,138.9688375
387,20,94,157,11.6,938,845,45.83222137,128.4691356
387,20,94,157,14.3,938,845,23.24014435,126.0866883
387,20,94,157,13.9,938,845,30.11930819,122.4086206
387,20,94,157,11.6,938,845,37.76609824,138.0767335
355,19,97,145,13.1,967,871,49.34928509,122.1146707
355,19,97,145,12.3,967,871,31.38609328,121.4073766
491,26,123,210,3.9,882,699,25.23374148,136.7927263
491,26,123,201,3.9,822,699,44.91549623,114.6902573
491,26,123,210,3.9,882,699,58.94704586,167.4894212
491,26,123,210,3.9,882,699,38.99906652,119.9574318
491,26,123,210,3.9,882,699,45.59433591,113.5289697
491,26,123,201,3.9,822,699,54.06786311,138.4411589
491,26,123,201,3.9,822,699,42.85150022,110.9072276
491,26,123,201,3.9,822,699,43.162956,130.0862597
424,22,132,178,8.5,822,750,58.45200229,163.6222865
424,22,132,178,8.5,882,750,40.12717209,129.9836843
424,22,132,168,8.9,822,750,55.35127072,158.2033577
424,22,132,178,8.5,822,750,58.56798168,142.8993366
424,22,132,178,8.5,822,750,47.9693722,152.7920935
424,22,132,168,8.9,822,750,39.68083956,132.1741869
424,22,132,168,8.9,822,750,20.81124324,100.2778554
424,22,132,168,8.9,822,750,59.80760195,143.171072
202,11,141,206,1.7,942,801,55.69580665,144.0585259
202,11,141,206,1.7,942,801,51.4886199,135.0888641
202,11,141,206,1.7,942,801,20.75030186,111.1677581
202,11,141,206,1.7,942,801,54.53543476,142.6255832
284,15,141,179,5.5,842,801,27.89175518,145.5849443
284,15,141,179,5.5,842,801,56.40748053,151.6476216
284,15,141,179,5.5,842,801,56.56578391,158.1724508
284,15,141,179,5.5,842,801,26.52621531,134.5152306
359,19,141,154,10.9,942,801,24.57563407,148.8723397
359,19,141,154,10.9,942,801,27.59425401,140.327611
359,19,141,154,10.9,942,801,39.11087371,119.0337691
359,19,141,154,10.9,942,801,30.21458025,135.0206816
359,19,141,154,10.9,942,801,52.06040573,162.0223359
359,19,141,154,10.9,942,801,40.55550428,116.930873
359,19,141,154,10.9,942,801,41.30457853,115.826905
359,19,141,154,10.9,942,801,28.35177119,142.941506
436,0,0,218,0,838.4,719.7,28.59510332,139.5780172
289,0,0,192,0,913.2,895.3,59.93130715,145.0040564
289,0,0,192,0,913.2,895.3,39.08132272,126.8896037
393,0,0,192,0,940.6,785.6,51.82137179,129.0408029
393,0,0,192,0,940.6,785.6,28.68025508,130.949999
393,0,0,192,0,940.6,785.6,29.89889715,128.9002818
480,0,0,192,0,936.2,712.2,42.61170354,131.4857447
480,0,0,192,0,936.2,712.2,32.53278681,117.1036654
480,0,0,192,0,936.2,712.2,53.54078921,142.0173897
480,0,0,192,0,936.2,712.2,51.46451717,150.6154029
333,0,0,192,0,931.2,842.6,27.898365,137.5934151
255,0,0,192,0,889.8,945,30.05201859,144.3472366
255,0,0,192,0,889.8,945,20.87984066,110.1807954
289,0,0,192,0,913.2,895.3,22.25549199,115.4836375
255,0,0,192,0,889.8,945,55.02082124,150.3529908
333,0,0,192,0,931.2,842.6,31.68275272,130.5778126
333,0,0,192,0,931.2,842.6,44.67131004,131.445529
289,0,0,192,0,913.2,895.3,47.45212981,130.7872635
333,0,0,192,0,931.2,842.6,42.314937,110.3710428
393,0,0,192,0,940.6,785.6,49.61572047,118.8240454
255,0,0,192,0,889.8,945,59.99381472,145.7469986
158.8,238.2,0,185.7,0,1040.6,734.3,57.12006108,142.3643151
239.6,359.4,0,185.7,0,941.6,664.3,29.66381484,132.7655464
238.2,158.8,0,185.7,0,1040.6,734.3,59.35937598,159.7184309
181.9,272.8,0,185.7,0,1012.4,714.3,40.45154361,117.9717873
193.5,290.2,0,185.7,0,998.2,704.3,56.66947943,154.7584177
255.5,170.3,0,185.7,0,1026.6,724.3,50.77927285,133.3808061
272.8,181.9,0,185.7,0,1012.4,714.3,54.36693221,154.3110714
239.6,359.4,0,185.7,0,941.6,664.3,24.07347991,121.7737105
220.8,147.2,0,185.7,0,1055,744.3,30.55047765,145.37529
397,0,0,185.7,0,1040.6,734.3,35.58818775,117.9066856
382.5,0,0,185.7,0,1047.8,739.3,27.08944727,136.0461861
210.7,316.1,0,185.7,0,977,689.3,43.39281712,129.3232596
158.8,238.2,0,185.7,0,1040.6,734.3,23.89512345,119.5901335
295.8,0,0,185.7,0,1091.4,769.3,30.62636881,123.4544507
255.5,170.3,0,185.7,0,1026.6,724.3,56.74892265,149.1226736
203.5,135.7,0,185.7,0,1076.2,759.3,25.23989064,142.7700556
397,0,0,185.7,0,1040.6,734.3,49.99803357,139.6434978
381.4,0,0,185.7,0,1104.6,784.3,29.82219332,128.9777597
295.8,0,0,185.7,0,1091.4,769.3,47.36171019,124.8209617
228,342.1,0,185.7,0,955.8,674.3,30.2821262,145.2000096
220.8,147.2,0,185.7,0,1055,744.3,37.93763269,125.5384032
316.1,210.7,0,185.7,0,977,689.3,43.03271611,116.6845362
135.7,203.5,0,185.7,0,1076.2,759.3,38.06450875,133.0393152
238.1,0,0,185.7,0,1118.8,789.3,31.57858892,119.7875456
339.2,0,0,185.7,0,1069.2,754.3,25.92778436,133.109178
135.7,203.5,0,185.7,0,1076.2,759.3,37.05051355,117.0876533
193.5,290.2,0,185.7,0,998.2,704.3,41.54986874,124.3622273
203.5,135.7,0,185.7,0,1076.2,759.3,38.03350817,118.1934974
290.2,193.5,0,185.7,0,998.2,704.3,45.34335049,127.292996
181.9,272.8,0,185.7,0,1012.4,714.3,29.92402305,125.022861
170.3,155.5,0,185.7,0,1026.6,724.3,33.50568433,124.3061263
210.7,316.1,0,185.7,0,977,689.3,41.65092798,113.8851797
228,342.1,0,185.7,0,955.8,674.3,52.73801778,137.0667071
290.2,193.5,0,185.7,0,998.2,704.3,33.02379884,119.0514919
381.4,0,0,185.7,0,1104.6,784.3,36.88728248,138.6060625
238.2,158.8,0,185.7,0,1040.6,734.3,59.10294874,154.3697133
186.2,124.1,0,185.7,0,1083.4,764.3,41.2860861,120.8709249
339.2,0,0,185.7,0,1069.2,754.3,43.73203861,128.0214547
238.1,0,0,185.7,0,1118.8,789.3,52.58245846,144.8752679
252.5,0,0,185.7,0,1111.6,784.3,53.79222841,141.6709745
382.5,0,0,185.7,0,1047.8,739.3,35.25352208,133.5598776
252.5,0,0,185.7,0,1111.6,784.3,25.85425379,147.6238077
316.1,210.7,0,185.7,0,977,689.3,25.92050167,128.5018322
186.2,124.1,0,185.7,0,1083.4,764.3,55.58307502,150.461975
170.3,155.5,0,185.7,0,1026.6,724.3,49.51329252,133.960775
272.8,181.9,0,185.7,0,1012.4,714.3,27.35287402,138.1667848
339,0,0,197,0,968,781,42.70957299,123.5844436
339,0,0,197,0,968,781,27.37621324,135.3616439
339,0,0,197,0,968,781,48.80661045,127.9828222
339,0,0,197,0,968,781,27.39898379,137.2702771
339,0,0,197,0,968,781,41.3544342,109.4395795
339,0,0,197,0,968,781,42.13993621,118.2522913
339,0,0,197,0,968,781,50.19182936,130.8466786
236,0,0,194,0,968,885,51.57924973,136.3948735
236,0,0,194,0,968,885,25.56039352,139.4498695
236,0,0,194,0,968,885,27.87794553,138.1821134
236,0,0,194,0,968,885,36.46968574,127.861393
236,0,0,193,0,968,885,35.14999677,124.0146537
236,0,0,193,0,968,885,28.44706275,126.6808032
277,0,0,191,0,968,856,49.16391736,140.3272213
277,0,0,191,0,968,856,34.53119451,118.9346129
277,0,0,191,0,968,856,51.72670724,136.9829743
277,0,0,191,0,968,856,30.4827352,130.3443822
277,0,0,191,0,968,856,25.43885414,136.3473029
277,0,0,191,0,968,856,45.77004501,119.5654656
254,0,0,198,0,968,863,21.49711859,119.0616873
254,0,0,198,0,968,863,22.28537483,119.5432047
254,0,0,198,0,968,863,21.04122404,119.2619723
254,0,0,198,0,968,863,52.8717475,146.5942681
307,0,0,193,0,968,812,59.90423247,163.668603
307,0,0,193,0,968,812,35.11758416,122.1830166
307,0,0,193,0,968,812,22.10346119,111.9388272
307,0,0,193,0,968,812,35.41007891,110.0656104
307,0,0,193,0,968,812,38.42074555,133.2985168
236,0,0,193,0,968,885,21.960294,120.3127546
200,0,0,180,0,1125,845,34.09251882,128.4138086
200,0,0,180,0,1125,845,56.7775682,146.44206
225,0,0,181,0,1113,833,54.02206365,136.2644206
225,0,0,181,0,1113,833,45.27320786,124.508779
325,0,0,184,0,1063,783,31.19030349,123.4292292
325,0,0,184,0,1063,783,56.18103519,154.7906724
275,0,0,183,0,1088,808,45.22375318,125.9542056
275,0,0,183,0,1088,808,20.37675113,86.88888041
300,0,0,184,0,1075,795,20.28278716,110.9959514
300,0,0,184,0,1075,795,52.11059957,133.7155718
375,0,0,186,0,1038,758,40.05532685,121.117024
375,0,0,186,0,1038,758,46.1801692,128.6711936
400,0,0,187,0,1025,745,36.17670087,134.3948313
400,0,0,187,0,1025,745,32.52176866,117.6691373
250,0,0,182,0,1100,820,33.7452545,128.4813138
250,0,0,182,0,1100,820,31.43877806,133.8749852
350,0,0,186,0,1050,770,28.33651009,130.1786561
350,0,0,186,0,1050,770,57.68035896,145.0643791
203.5,305.3,0,203.5,0,963.4,630,37.45841962,115.4860108
250.2,166.8,0,203.5,0,977.6,694.1,53.65581622,148.0358554
157,236,0,192,0,935.4,781.2,47.84533059,119.7999079
141.3,212,0,203.5,0,971.8,748.5,57.01499715,153.8718481
166.8,250.2,0,203.5,0,975.6,692.6,47.52838064,126.7146561
122.6,183.9,0,203.5,0,958.2,800.1,50.79023054,126.4751631
183.9,122.6,0,203.5,0,959.2,800,43.40103705,124.0653514
102,153,0,192,0,887,942,36.45039218,130.9082161
102,153,0,192,0,887,942,31.80489298,141.1154302
122.6,183.9,0,203.5,0,958.2,800.1,40.00195994,120.5820571
166.8,250.2,0,203.5,0,975.6,692.6,54.53010987,133.408709
200,133,0,192,0,965.4,806.2,54.58624281,137.8100923
108.3,162.4,0,203.5,0,938.2,849,25.39397547,123.0921948
305.3,203.5,0,203.5,0,965.4,631,41.07561431,136.8347287
108.3,162.4,0,203.5,0,938.2,849,22.01033188,111.4871381
116,173,0,192,0,909.8,891.9,38.50498972,120.6048947
141.3,212,0,203.5,0,971.8,748.5,22.51284299,125.2372409
157,236,0,192,0,935.4,781.2,21.40944194,120.9576294
133,200,0,192,0,927.4,839.2,55.13124232,139.5526561
250.2,166.8,0,203.5,0,977.6,694.1,43.73039002,118.6951846
173,116,0,192,0,946.8,856.8,36.06610171,128.0647709
192,288,0,192,0,929.8,716.1,51.00862267,150.7449841
192,288,0,192,0,929.8,716.1,47.84663852,126.5099799
153,102,0,192,0,888,943.1,54.63853335,145.3552204
288,192,0,192,0,932,717.8,52.01020127,130.4791164
305.3,203.5,0,203.5,0,965.4,631,27.09671277,124.9026311
236,157,0,192,0,972.6,749.1,29.09966,136.2242352
173,116,0,192,0,946.8,856.8,47.94600002,136.1123131
212,141.3,0,203.5,0,973.4,750,20.39211687,103.6075566
236,157,0,192,0,972.6,749.1,20.97115475,90.43539128
183.9,122.6,0,203.5,0,959.2,800,56.11274597,155.3826986
166.8,250.2,0,203.5,0,975.6,692.6,52.31089517,131.2733111
102,153,0,192,0,887,942,26.68326094,141.799348
288,192,0,192,0,932,717.8,21.24442634,128.2348249
212,141.3,0,203.5,0,973.4,750,23.62352302,129.801928
102,153,0,192,0,887,942,24.59510338,129.3707559
173,116,0,192,0,946.8,856.8,54.70030805,148.5471392
183.9,122.6,0,203.5,0,959.2,800,34.48991683,113.8076992
133,200,0,192,0,927.4,839.2,44.07788635,123.569531
192,288,0,192,0,929.8,716.1,46.10510305,135.2328157
133,200,0,192,0,927.4,839.2,52.65736314,125.3313732
305.3,203.5,0,203.5,0,965.4,631,24.01493119,144.5815613
236,157,0,192,0,972.6,749.1,45.60426516,125.1199051
108.3,162.4,0,203.5,0,938.2,849,23.53294116,140.1505623
157,236,0,192,0,935.4,781.2,22.30856503,88.81301967
288,192,0,192,0,932,717.8,56.43921064,154.1097594
212,141.3,0,203.5,0,973.4,750,42.91903862,122.0053645
212,141.3,0,203.5,0,973.4,750,36.75218835,122.3971164
153,102,0,192,0,888,943.1,21.78658986,115.4675915
236,157,0,192,0,972.6,749.1,42.62806733,132.0278251
116,173,0,192,0,909.8,891.9,42.57590844,130.9754356
183.9,122.6,0,203.5,0,959.2,800,50.63347255,139.9476004
108.3,162.4,0,203.5,0,938.2,849,51.57146803,139.5651432
203.5,305.3,0,203.5,0,963.4,630,53.55935108,152.667389
203.5,305.3,0,203.5,0,963.4,630,42.66364104,128.0696167
133,200,0,192,0,927.4,839.2,40.1804336,120.4188808
288,192,0,192,0,932,717.8,41.18405401,125.235854
200,133,0,192,0,965.4,806.2,25.51425206,134.6865826
200,133,0,192,0,965.4,806.2,21.73183518,114.8813976
250.2,166.8,0,203.5,0,977.6,694.1,59.71076904,154.6072079
122.6,183.9,0,203.5,0,958.2,800.1,41.80497666,121.7115935
153,102,0,192,0,888,943.1,29.1769162,128.6146921
200,133,0,192,0,965.4,806.2,44.62133892,116.4520611
116,173,0,192,0,909.8,891.9,58.188859,148.8709604
173,116,0,192,0,946.8,856.8,56.21650136,148.693392
250.2,166.8,0,203.5,0,977.6,694.1,43.67602529,111.7257653
305.3,203.5,0,203.5,0,965.4,631,53.7980777,148.5883166
192,288,0,192,0,929.8,716.1,55.80566294,155.8713194
157,236,0,192,0,935.4,781.2,56.34976009,142.3543819
153,102,0,192,0,888,943.1,37.3920241,113.6085949
141.3,212,0,203.5,0,971.8,748.5,24.40521541,136.7028193
116,173,0,192,0,909.8,891.9,26.89390269,140.9529861
141.3,212,0,203.5,0,971.8,748.5,53.84882398,144.9635025
122.6,183.9,0,203.5,0,958.2,800.1,40.28725288,133.3786918
166.8,250.2,0,203.5,0,975.6,692.6,22.93398784,124.0794389
203.5,305.3,0,203.5,0,963.4,630,57.79671261,158.371174
310,0,0,192,0,1012,830,21.3312613,110.1275751
310,0,0,192,0,1012,830,27.12040874,143.9014868
310,0,0,192,0,1012,830,20.80660771,112.0973886
310,0,0,192,0,1012,830,30.83506293,144.5749495
310,0,0,192,0,1012,830,35.46725855,134.3972283
331,0,0,192,0,1025,821,46.81097475,123.8936726
331,0,0,192,0,1025,821,36.24584512,132.2235678
331,0,0,192,0,1025,821,54.40292077,140.7725897
331,0,0,192,0,1025,821,52.62920252,156.8494417
331,0,0,192,0,1025,821,55.54473144,140.5113514
349,0,0,192,0,1056,809,21.93723843,120.9120557
349,0,0,192,0,1056,809,24.10227801,148.3279083
349,0,0,192,0,1056,809,57.52823099,156.3752534
349,0,0,192,0,1056,809,35.51159678,125.0736093
349,0,0,192,0,1056,809,28.6877503,136.7103294
238,0,0,186,0,1119,789,25.38636652,127.3152407
238,0,0,186,0,1119,789,20.93529708,105.3825939
296,0,0,186,0,1090,769,46.09271871,136.1329213
296,0,0,186,0,1090,769,33.64893344,120.7469468
297,0,0,186,0,1040,734,32.99259512,131.4863391
480,0,0,192,0,936,721,59.44090283,159.128453
480,0,0,192,0,936,721,24.39514314,131.3881214
397,0,0,186,0,1040,734,52.04645063,148.4138093
281,0,0,186,0,1104,774,40.9830776,119.0002287
281,0,0,185,0,1104,774,27.37472061,132.734181
500,0,0,200,0,1125,613,49.80032125,133.5736506
500,0,0,200,0,1125,613,44.89277885,121.5150974
500,0,0,200,0,1125,613,56.41267401,134.9103412
500,0,0,200,0,1125,613,28.22493155,141.7459754
500,0,0,200,0,1125,613,44.34754339,113.0674137
540,0,0,173,0,1125,613,37.96750982,122.2595806
540,0,0,173,0,1125,613,48.20558006,127.1883447
540,0,0,173,0,1125,613,50.31246991,145.1448181
540,0,0,173,0,1125,613,31.90360462,145.3356101
540,0,0,173,0,1125,613,35.81782253,128.9187649
540,0,0,173,0,1125,613,55.13393524,152.051885
350,0,0,203,0,974,775,58.55501505,148.6795382
350,0,0,203,0,974,775,45.27732402,124.0664186
350,0,0,203,0,974,775,25.22842378,133.6194561
350,0,0,203,0,974,775,45.55761472,130.1510178
350,0,0,203,0,974,775,36.61532528,120.905612
350,0,0,203,0,974,775,31.38174877,132.2670634
385,0,0,186,0,966,763,37.8522741,114.0747379
385,0,0,186,0,966,763,50.52373681,127.018729
385,0,0,186,0,966,763,46.3446309,133.3007366
385,0,0,186,0,966,763,31.78073353,125.8538676
385,0,0,186,0,966,763,41.86335516,117.0053774
331,0,0,192,0,978,825,52.9762461,145.111828
331,0,0,192,0,978,825,50.65768177,132.5536098
349,0,0,192,0,1047,806,26.30807189,138.4700703
331,0,0,192,0,978,825,52.51015193,139.0631874
382,0,0,186,0,1047,739,21.29744546,119.1746427
382,0,0,186,0,1047,739,35.18014795,135.2427486
382,0,0,186,0,1111,784,58.40696738,155.3370991
281,0,0,186,0,1104,774,31.12490606,123.4766338
339,0,0,185,0,1069,754,28.65639006,137.7008827
339,0,0,185,0,1069,754,45.61274469,129.8416356
295,0,0,185,0,1069,769,50.9911186,127.1220012
295,0,0,185,0,1069,769,26.67197073,136.6822114
238,0,0,185,0,1118,789,53.24929309,156.4305164
296,0,0,192,0,1085,765,25.94365316,140.9350878
296,0,0,192,0,1085,765,29.93373434,120.3548314
296,0,0,192,0,1085,765,24.12871771,132.2637796
331,0,0,192,0,879,825,49.15471309,139.9617258
331,0,0,192,0,978,825,35.84838676,129.9883769
331,0,0,192,0,978,825,44.41848218,126.3927906
331,0,0,192,0,978,825,46.39078511,123.3636463
349,0,0,192,0,1047,806,38.55022809,121.8822824
349,0,0,192,0,1047,806,31.3306617,126.6004975
349,0,0,192,0,1047,806,34.67339203,127.5993011
349,0,0,192,0,1047,806,24.90823713,141.8305127
349,0,0,192,0,1047,806,46.41785822,137.4038028
302,0,0,203,0,974,817,26.57293838,137.2873593
302,0,0,203,0,974,817,56.04278874,143.198946
525,0,0,189,0,1125,613,50.29518294,128.8327578
500,0,0,200,0,1125,613,24.30399192,129.7916997
500,0,0,200,0,1125,613,43.93104641,140.0628744
500,0,0,200,0,1125,613,57.52013569,146.5579693
540,0,0,173,0,1125,613,34.0596615,111.5488113
252,0,0,185,0,1111,784,54.99208865,152.6770963
252,0,0,185,0,1111,784,48.15973694,125.2004872
339,0,0,185,0,1060,754,58.06333452,143.0286704
393,0,0,192,0,940,758,39.12399491,127.9840283
393,0,0,192,0,940,758,41.32961569,122.8841231
393,0,0,192,0,940,758,29.50539021,138.4965944
382,0,0,185,0,1047,739,44.50942433,133.9214782
382,0,0,185,0,1047,739,30.63871348,127.3878441
252,0,0,186,0,1111,784,56.37519782,161.6952573
252,0,0,185,0,1111,784,20.32984747,94.39975453
310,0,0,192,0,970,850,24.97085557,143.2877961
310,0,0,192,0,970,850,53.60863849,147.820828
310,0,0,192,0,970,850,33.63975062,124.7773832
310,0,0,192,0,970,850,45.28533615,131.8093479
310,0,0,192,0,970,850,51.66457111,141.0978577
525,0,0,189,0,1125,613,30.29651214,126.7949332
525,0,0,189,0,1125,613,53.84141653,149.5631457
525,0,0,189,0,1125,613,58.02237933,163.0299462
525,0,0,189,0,1125,613,52.96976906,147.3768492
525,0,0,189,0,1125,613,26.42218279,138.6553368
525,0,0,189,0,1125,613,46.24427193,129.4922303
322,0,0,203,0,974,800,25.33885543,149.7011527
322,0,0,203,0,974,800,51.59542074,138.8896961
322,0,0,203,0,974,800,42.67309858,134.2626973
302,0,0,203,0,974,817,31.79897664,123.4061678
397,0,0,185,0,1040,734,37.67123799,127.2188646
480,0,0,192,0,936,721,42.57505776,124.2864449
522,0,0,146,0,896,896,34.88974348,130.8612349
522,0,0,146,0,896,896,56.78072528,139.9952232
273,105,82,210,9,904,680,53.97661533,152.208445
162,190,148,179,19,838,741,20.44539114,104.7928675
154,144,112,220,10,923,658,55.46684933,141.7978996
147,115,89,202,9,860,829,31.73049152,146.1615894
152,178,139,168,18,944,695,30.7488738,128.6804254
310,143,111,168,22,914,651,32.53229307,129.9144043
144,0,175,158,18,943,844,31.29410988,128.4162152
304,140,0,214,6,895,722,59.60604914,154.2165212
374,0,0,190,7,1013,730,24.87037665,131.4833541
159,149,116,175,15,953,720,50.43820144,140.701772
153,239,0,200,6,1002,684,46.09555017,135.5151217
310,143,0,168,10,914,804,24.09015709,144.2982512
305,0,100,196,10,959,705,49.95276313,137.0816411
151,0,184,167,12,991,772,37.35239457,117.1598105
142,167,130,174,11,883,785,58.47342468,153.6088567
298,137,107,201,6,878,655,59.18694403,164.8533111
321,164,0,190,5,870,774,21.19194529,114.3345438
366,187,0,191,7,824,757,57.78895675,152.0392533
280,129,100,172,9,825,805,53.72237634,135.5291803
252,97,76,194,8,835,821,40.7450345,113.1611945
165,0,150,182,12,1023,729,57.87384478,138.3793766
156,243,0,180,11,1022,698,42.18647965,127.0298332
160,188,146,203,11,829,710,42.99531876,109.3642501
298,0,107,186,6,879,815,22.98451606,119.1403796
318,0,126,210,6,861,737,59.78417221,163.9979744
287,121,94,188,9,904,696,41.27228078,119.2349661
326,166,0,174,9,882,790,57.77567922,142.3948241
356,0,142,193,11,801,778,27.29850668,134.5873802
132,207,161,179,5,867,736,40.02848151,122.1112803
322,149,0,186,8,951,709,33.59358338,127.1010794
164,0,200,181,13,849,846,44.99313854,134.2076058
314,0,113,170,10,925,783,37.23111747,121.8473059
321,0,128,182,11,870,780,32.18170978,125.7678126
140,164,128,237,6,869,656,20.3609567,100.8052401
288,121,0,177,7,908,829,28.18109206,148.724849
298,0,107,210,11,880,744,56.55665203,147.2640864
265,111,86,195,6,833,790,30.53848099,142.0871044
160,250,0,168,12,1049,688,41.02142395,117.3872112
166,260,0,183,13,859,827,52.14377827,133.6102292
276,116,90,180,9,870,768,58.92749819,153.2588996
322,0,116,196,10,818,813,35.8781412,138.1424077
149,139,109,193,6,892,780,32.44085553,129.7661109
159,187,0,176,11,990,789,49.83862339,139.9490646
261,100,78,201,9,864,761,44.43948882,128.2495798
237,92,71,247,6,853,695,39.16442351,126.7667847
313,0,113,178,8,1002,689,28.93090243,143.8424578
155,183,0,193,9,1047,697,32.68795122,130.7836577
146,230,0,202,3,827,872,44.54826407,142.0029938
296,0,107,221,11,819,778,32.66750487,121.588262
133,210,0,196,3,949,795,27.83617248,148.8477505
313,145,0,178,8,867,824,37.30159608,122.7295265
152,0,112,184,8,992,816,42.81037074,117.8079865
153,145,113,178,8,1002,689,36.47711334,120.4781426
140,133,103,200,7,916,753,41.11926344,112.1688966
149,236,0,176,13,847,893,26.16141628,139.054652
300,0,120,212,10,878,728,45.17347344,131.0058245
153,145,113,178,8,867,824,57.07763755,137.545814
148,0,137,158,16,1002,830,20.3909633,113.4552836
326,0,138,199,11,801,792,35.38427729,130.3066655
153,145,0,178,8,1000,822,42.48513826,117.3015558
262,111,86,195,5,895,733,43.89014366,141.4834337
158,0,195,220,11,898,713,37.73507102,125.7882368
151,0,185,167,16,1074,678,39.81372896,121.0391684
273,0,90,199,11,931,762,20.67574723,112.7592261
149,118,92,183,7,953,780,37.23844416,125.3643396
143,169,143,191,8,967,643,47.01167307,124.4099831
260,101,78,171,10,936,763,57.95776225,153.6079563
313,161,0,178,10,917,759,33.17258827,139.0937091
284,120,0,168,7,970,794,30.72165187,129.7208509
336,0,0,182,3,986,817,24.19530973,127.9497842
145,0,134,181,11,979,812,23.27470616,136.2103549
150,237,0,174,12,1069,675,54.49530777,136.6211795
144,170,133,192,8,814,805,37.16403194,121.9493727
331,170,0,195,8,811,802,28.96908659,137.3365244
155,0,143,193,9,1047,697,51.77199693,121.1425568
155,183,0,193,9,877,868,20.98889593,94.86890522
135,0,166,180,10,961,805,42.49951503,123.1390189
266,112,87,178,10,910,745,38.28105381,125.4236222
314,145,113,179,8,869,690,46.127738,125.6504184
313,145,0,127,8,1000,822,28.88718213,141.9411517
146,173,0,182,3,986,817,52.08648297,143.7977613
144,136,106,178,7,941,774,54.35214558,132.7293801
148,0,182,181,15,839,884,32.07893407,123.6455704
277,117,91,191,7,946,666,38.28472452,117.0460209
298,0,107,164,13,953,784,41.64277834,110.5688349
313,145,0,178,8,1002,689,36.1199852,126.3511641
155,184,143,194,9,880,699,58.68835534,151.0260678
289,134,0,195,6,924,760,33.65837584,127.2083779
148,175,0,171,2,1000,828,25.46803764,147.9806046
145,0,179,202,8,824,869,33.67268653,127.3439658
313,0,0,178,8,1000,822,28.49775063,132.1477517
136,162,126,172,10,923,764,37.4098911,113.4476282
155,0,143,193,9,877,868,44.31555987,120.8091233
255,99,77,189,6,919,749,26.52375567,132.0705632
162,207,172,216,10,822,638,52.00027082,149.6438683
136,196,98,199,6,847,783,25.46713648,130.5795406
164,163,128,197,8,961,641,20.56804754,106.9884358
162,214,164,202,10,820,680,44.43123389,128.2650871
157,214,152,200,9,819,704,25.26830648,127.0024652
149,153,194,192,8,935,623,38.67403598,122.6085191
135,105,193,196,6,965,643,54.80494633,151.9839246
159,209,161,201,7,848,669,46.33252082,125.930075
144,15,195,176,6,1021,709,47.23104249,140.844127
154,174,185,228,7,845,612,41.07310872,126.6852632
167,187,195,185,7,898,636,54.03451878,136.0531676
184,86,190,213,6,923,623,51.11755887,128.6169116
156,178,187,221,7,854,614,39.35728247,122.7238113
236.9,91.7,71.5,246.9,6,852.9,695.4,52.1177291,156.2202311
313.3,0,113,178.5,8,1001.9,688.7,41.31558144,130.3593869
154.8,183.4,0,193.3,9.1,1047.4,696.7,25.34005279,135.4573417
145.9,230.5,0,202.5,3.4,827,871.8,45.83175612,113.8872963
296,0,106.7,221.4,10.5,819.2,778.4,52.43719651,145.6495966
133.1,210.2,0,195.7,3.1,949.4,795.3,35.00194914,119.3380137
313.3,145,0,178.5,8,867.2,824,30.31949699,145.7678359
151.6,0,111.9,184.4,7.9,992,815.9,48.05709489,143.8496378
153.1,145,113,178.5,8,1001.9,688.7,45.89133353,132.2649666
139.9,132.6,103.3,200.3,7.4,916,753.4,24.37104414,134.0916638
149.5,236,0,175.8,12.6,846.8,892.7,55.55733608,150.5329233
299.8,0,119.8,211.5,9.9,878.2,727.6,41.65934142,114.9837456
153.1,145,113,178.5,8,867.2,824,43.50222129,113.2420525
148.1,0,136.6,158.1,16.1,1001.8,830.1,29.8986636,136.4808711
326.5,0,137.9,199,10.8,801.1,792.5,46.84320883,114.9367468
152.7,144.7,0,178.1,8,999.7,822.2,47.17135446,138.2728389
261.9,110.5,86.1,195.4,5,895.2,732.6,21.49287156,112.1425402
158.4,0,194.9,219.7,11,897.7,712.9,42.44855855,126.021372
150.7,0,185.3,166.7,15.6,1074.5,678,56.38650979,135.5784009
272.6,0,89.6,198.7,10.6,931.3,762.2,50.48088377,134.1218578
149,117.6,91.7,182.9,7.1,953.4,780.3,27.30111157,136.0611766
143,169.4,142.7,190.7,8.4,967.4,643.5,58.28443971,148.2802434
259.9,100.6,78.4,170.6,10.4,935.7,762.9,22.23124447,124.4704217
312.9,160.5,0,177.6,9.6,916.6,759.5,25.20722894,134.1011555
284,119.7,0,168.3,7.2,970.4,794.2,37.42073932,128.0960685
336.5,0,0,181.9,3.4,985.8,816.8,57.76480577,149.3673081
144.8,0,133.6,180.8,11.1,979.5,811.5,46.20152375,132.5497579
150,236.8,0,173.8,11.9,1069.3,674.8,31.65694203,116.4567476
143.7,170.2,132.6,191.6,8.5,814.1,805.3,34.89104089,122.2352409
330.5,169.6,0,194.9,8.1,811,802.3,43.48877844,120.5025048
154.8,0,142.8,193.3,9.1,1047.4,696.7,25.95169629,146.388759
154.8,183.4,0,193.3,9.1,877.2,867.7,39.89840888,125.9315401
134.7,0,165.7,180.2,10,961,804.9,52.9299449,128.4510771
266.2,112.3,87.5,177.9,10.4,909.7,744.5,23.97624883,137.7775891
314,145.3,113.2,178.9,8,869.1,690.2,46.97439224,135.6039531
312.7,144.7,0,127.3,8,999.7,822.2,23.67026624,132.009499
145.7,172.6,0,181.9,3.4,985.8,816.8,49.18563798,131.4928372
143.8,136.3,106.2,178.1,7.5,941.5,774.3,30.10216949,129.7436265
148.1,0,182.1,181.4,15,838.9,884.3,53.81994324,154.60764
277,116.8,91,190.6,7,946.5,665.6,57.11819468,156.1558797
298.1,0,107.5,163.6,12.8,953.2,784,24.74926116,133.7826749
313.3,145,0,178.5,8,1001.9,688.7,55.35599079,165.8225308
155.2,183.9,143.2,193.8,9.2,879.6,698.5,41.66231937,117.4009828
289,133.7,0,194.9,5.5,924.1,760.1,43.84557519,121.9635993
147.8,175.1,0,171.2,2.2,1000,828.5,49.92479531,131.0271488
145.4,0,178.9,201.7,7.8,824,868.7,55.06690215,134.6311728
312.7,0,0,178.1,8,999.7,822.2,35.14054663,142.3567361
136.4,161.6,125.8,171.6,10.4,922.6,764.4,23.3734316,126.4701487
154.8,0,142.8,193.3,9.1,877.2,867.7,36.16006956,124.4360579
255.3,98.8,77,188.6,6.5,919,749.3,38.89692345,129.8637458
272.8,105.1,81.8,209.7,9,904,679.7,34.70756303,122.6247482
162,190.1,148.1,178.8,18.8,838.1,741.4,50.41172065,152.4761645
153.6,144.2,112.3,220.1,10.1,923.2,657.9,54.79792904,140.8928436
146.5,114.6,89.3,201.9,8.8,860,829.5,31.36988617,133.7640748