"Date","Mean daily flow, Oldman Rivernear Brocket, Jan 01, 1988 to Dec 31, 1991"
"1988-01-01",5.2
"1988-01-02",4.9
"1988-01-03",4.55
"1988-01-04",3.95
"1988-01-05",3.91
"1988-01-06",3.73
"1988-01-07",3.77
"1988-01-08",3.78
"1988-01-09",3.59
"1988-01-10",3.49
"1988-01-11",3.5
"1988-01-12",3.7
"1988-01-13",3.78
"1988-01-14",4.2
"1988-01-15",4.45
"1988-01-16",4.5
"1988-01-17",4.47
"1988-01-18",4.43
"1988-01-19",4.35
"1988-01-20",4.31
"1988-01-21",4.04
"1988-01-22",4.44
"1988-01-23",4.47
"1988-01-24",4.1
"1988-01-25",3.9
"1988-01-26",3.95
"1988-01-27",4.08
"1988-01-28",4.34
"1988-01-29",4.15
"1988-01-30",3.8
"1988-01-31",3
"1988-02-01",2.1
"1988-02-02",2.1
"1988-02-03",2.15
"1988-02-04",2.2
"1988-02-05",2.38
"1988-02-06",2.6
"1988-02-07",2.8
"1988-02-08",3.5
"1988-02-09",3.79
"1988-02-10",4
"1988-02-11",4.15
"1988-02-12",4.45
"1988-02-13",4.8
"1988-02-14",4.75
"1988-02-15",4.6
"1988-02-16",4.8
"1988-02-17",5
"1988-02-18",5.2
"1988-02-19",5.5
"1988-02-20",5.8
"1988-02-21",5.7
"1988-02-22",5.6
"1988-02-23",5.4
"1988-02-24",5.34
"1988-02-25",5.76
"1988-02-26",5.9
"1988-02-27",6.1
"1988-02-28",6.21
"1988-02-29",5.85
"1988-03-01",5.8
"1988-03-02",5.75
"1988-03-03",6.21
"1988-03-04",6.3
"1988-03-05",6.14
"1988-03-06",5.79
"1988-03-07",5.81
"1988-03-08",5.71
"1988-03-09",6.96
"1988-03-10",7.13
"1988-03-11",6.55
"1988-03-12",6.16
"1988-03-13",6.37
"1988-03-14",6.58
"1988-03-15",5.7
"1988-03-16",5.46
"1988-03-17",5.22
"1988-03-18",5.7
"1988-03-19",6.63
"1988-03-20",7.08
"1988-03-21",8.03
"1988-03-22",8.02
"1988-03-23",7.28
"1988-03-24",6.7
"1988-03-25",6.07
"1988-03-26",6.21
"1988-03-27",7.4
"1988-03-28",7.87
"1988-03-29",6.95
"1988-03-30",6.22
"1988-03-31",6.24
"1988-04-01",6.61
"1988-04-02",8.07
"1988-04-03",11.2
"1988-04-04",12.7
"1988-04-05",10.6
"1988-04-06",10.1
"1988-04-07",17
"1988-04-08",19.1
"1988-04-09",15.2
"1988-04-10",14
"1988-04-11",14
"1988-04-12",16.9
"1988-04-13",19.7
"1988-04-14",21.5
"1988-04-15",25.7
"1988-04-16",34.6
"1988-04-17",42.9
"1988-04-18",47.8
"1988-04-19",50.6
"1988-04-20",49.6
"1988-04-21",45.4
"1988-04-22",41.1
"1988-04-23",36.6
"1988-04-24",35.9
"1988-04-25",34.1
"1988-04-26",29.8
"1988-04-27",28.5
"1988-04-28",28.7
"1988-04-29",31.7
"1988-04-30",38.3
"1988-05-01",37.8
"1988-05-02",34.7
"1988-05-03",31.7
"1988-05-04",31.5
"1988-05-05",35.2
"1988-05-06",41
"1988-05-07",46.1
"1988-05-08",47.7
"1988-05-09",54.4
"1988-05-10",66.7
"1988-05-11",85
"1988-05-12",102
"1988-05-13",122
"1988-05-14",115
"1988-05-15",96.4
"1988-05-16",85.5
"1988-05-17",90.8
"1988-05-18",89.4
"1988-05-19",78.1
"1988-05-20",70
"1988-05-21",65.4
"1988-05-22",66.3
"1988-05-23",76.2
"1988-05-24",89.5
"1988-05-25",84.6
"1988-05-26",76.8
"1988-05-27",77.1
"1988-05-28",76
"1988-05-29",81
"1988-05-30",83
"1988-05-31",91.3
"1988-06-01",86.2
"1988-06-02",76.6
"1988-06-03",68.9
"1988-06-04",69.1
"1988-06-05",76.7
"1988-06-06",83.3
"1988-06-07",92.4
"1988-06-08",125
"1988-06-09",120
"1988-06-10",103
"1988-06-11",94.5
"1988-06-12",85.4
"1988-06-13",78.1
"1988-06-14",70.9
"1988-06-15",65.6
"1988-06-16",62.7
"1988-06-17",62.4
"1988-06-18",61.7
"1988-06-19",59.1
"1988-06-20",55
"1988-06-21",51.1
"1988-06-22",48.3
"1988-06-23",45.5
"1988-06-24",43.2
"1988-06-25",40.6
"1988-06-26",38
"1988-06-27",36
"1988-06-28",35.1
"1988-06-29",36.1
"1988-06-30",32.4
"1988-07-01",29.3
"1988-07-02",27.1
"1988-07-03",26
"1988-07-04",25.5
"1988-07-05",26.2
"1988-07-06",27.8
"1988-07-07",25.5
"1988-07-08",22.9
"1988-07-09",21.2
"1988-07-10",20.2
"1988-07-11",19.9
"1988-07-12",19.9
"1988-07-13",18.6
"1988-07-14",17.8
"1988-07-15",17.1
"1988-07-16",16.7
"1988-07-17",16.3
"1988-07-18",15.8
"1988-07-19",15.6
"1988-07-20",14.6
"1988-07-21",13.8
"1988-07-22",12.9
"1988-07-23",12.6
"1988-07-24",12.5
"1988-07-25",12.1
"1988-07-26",11.6
"1988-07-27",11.3
"1988-07-28",11.1
"1988-07-29",10.9
"1988-07-30",10.6
"1988-07-31",10.3
"1988-08-01",11.2
"1988-08-02",16.1
"1988-08-03",16.6
"1988-08-04",14.5
"1988-08-05",13.1
"1988-08-06",12.3
"1988-08-07",12.2
"1988-08-08",12.7
"1988-08-09",12
"1988-08-10",11.1
"1988-08-11",10.8
"1988-08-12",10.7
"1988-08-13",10.6
"1988-08-14",10.1
"1988-08-15",9.91
"1988-08-16",10.6
"1988-08-17",9.96
"1988-08-18",10
"1988-08-19",9.45
"1988-08-20",9.43
"1988-08-21",9.85
"1988-08-22",9.62
"1988-08-23",8.96
"1988-08-24",8.55
"1988-08-25",8.29
"1988-08-26",9.08
"1988-08-27",10.3
"1988-08-28",9.4
"1988-08-29",8.66
"1988-08-30",7.91
"1988-08-31",7.48
"1988-09-01",7.44
"1988-09-02",7.32
"1988-09-03",7.16
"1988-09-04",7.01
"1988-09-05",7.11
"1988-09-06",7
"1988-09-07",6.45
"1988-09-08",6.35
"1988-09-09",6.53
"1988-09-10",6.51
"1988-09-11",7.31
"1988-09-12",7.52
"1988-09-13",7.01
"1988-09-14",6.7
"1988-09-15",6.38
"1988-09-16",6.19
"1988-09-17",6.84
"1988-09-18",7.87
"1988-09-19",7.58
"1988-09-20",7.9
"1988-09-21",7.68
"1988-09-22",7.23
"1988-09-23",6.94
"1988-09-24",7.52
"1988-09-25",9.02
"1988-09-26",10.3
"1988-09-27",12.6
"1988-09-28",11.1
"1988-09-29",10.8
"1988-09-30",10.7
"1988-10-01",11.2
"1988-10-02",11.3
"1988-10-03",11.2
"1988-10-04",11.2
"1988-10-05",10.7
"1988-10-06",10.8
"1988-10-07",10
"1988-10-08",9.7
"1988-10-09",9.56
"1988-10-10",9.41
"1988-10-11",9.02
"1988-10-12",8.98
"1988-10-13",8.69
"1988-10-14",8.16
"1988-10-15",8.35
"1988-10-16",8.83
"1988-10-17",11.3
"1988-10-18",12.2
"1988-10-19",11.1
"1988-10-20",10.4
"1988-10-21",10.1
"1988-10-22",10.1
"1988-10-23",9.92
"1988-10-24",9.67
"1988-10-25",9.39
"1988-10-26",9.41
"1988-10-27",10.3
"1988-10-28",9.01
"1988-10-29",7.32
"1988-10-30",8.63
"1988-10-31",9.57
"1988-11-01",9.06
"1988-11-02",9.19
"1988-11-03",10
"1988-11-04",10.1
"1988-11-05",9.85
"1988-11-06",9.59
"1988-11-07",13.3
"1988-11-08",13
"1988-11-09",11.1
"1988-11-10",10.8
"1988-11-11",11.3
"1988-11-12",11.4
"1988-11-13",10.6
"1988-11-14",10.7
"1988-11-15",8.61
"1988-11-16",8.79
"1988-11-17",8.95
"1988-11-18",9.45
"1988-11-19",9.14
"1988-11-20",9.72
"1988-11-21",9.21
"1988-11-22",10.9
"1988-11-23",10.5
"1988-11-24",6.84
"1988-11-25",6.19
"1988-11-26",5.52
"1988-11-27",3.11
"1988-11-28",4.87
"1988-11-29",8.01
"1988-11-30",10.2
"1988-12-01",12
"1988-12-02",11.8
"1988-12-03",11
"1988-12-04",10.8
"1988-12-05",9.51
"1988-12-06",8.77
"1988-12-07",7.66
"1988-12-08",5.79
"1988-12-09",5.87
"1988-12-10",8.2
"1988-12-11",8.06
"1988-12-12",9.41
"1988-12-13",9.25
"1988-12-14",8.54
"1988-12-15",5.93
"1988-12-16",3.85
"1988-12-17",4.61
"1988-12-18",6.96
"1988-12-19",9.12
"1988-12-20",6.48
"1988-12-21",6.25
"1988-12-22",6.2
"1988-12-23",4.87
"1988-12-24",4.78
"1988-12-25",4.82
"1988-12-26",4.95
"1988-12-27",5.2
"1988-12-28",6.1
"1988-12-29",6.32
"1988-12-30",6.51
"1988-12-31",6.39
"1989-01-01",6
"1989-01-02",5.9
"1989-01-03",5.7
"1989-01-04",5.5
"1989-01-05",5.39
"1989-01-06",5.1
"1989-01-07",4.9
"1989-01-08",4.75
"1989-01-09",4.6
"1989-01-10",4.65
"1989-01-11",4.73
"1989-01-12",4.78
"1989-01-13",4.8
"1989-01-14",4.8
"1989-01-15",4.8
"1989-01-16",4.83
"1989-01-17",4.9
"1989-01-18",4.93
"1989-01-19",5.05
"1989-01-20",5
"1989-01-21",4.9
"1989-01-22",4.7
"1989-01-23",4.4
"1989-01-24",4.2
"1989-01-25",4.18
"1989-01-26",4.2
"1989-01-27",4.32
"1989-01-28",4.45
"1989-01-29",4.5
"1989-01-30",4.4
"1989-01-31",4.1
"1989-02-01",3.8
"1989-02-02",3.55
"1989-02-03",3.44
"1989-02-04",3.5
"1989-02-05",3.55
"1989-02-06",3.63
"1989-02-07",3.75
"1989-02-08",3.9
"1989-02-09",4.1
"1989-02-10",4.23
"1989-02-11",4.33
"1989-02-12",4.4
"1989-02-13",4.44
"1989-02-14",4.42
"1989-02-15",4.4
"1989-02-16",4.35
"1989-02-17",4.3
"1989-02-18",4.28
"1989-02-19",4.3
"1989-02-20",4.34
"1989-02-21",4.4
"1989-02-22",4.44
"1989-02-23",4.46
"1989-02-24",4.42
"1989-02-25",4.36
"1989-02-26",4.24
"1989-02-27",4.14
"1989-02-28",4.02
"1989-03-01",3.85
"1989-03-02",3.8
"1989-03-03",3.8
"1989-03-04",3.82
"1989-03-05",3.95
"1989-03-06",4.2
"1989-03-07",4.5
"1989-03-08",4.68
"1989-03-09",4.78
"1989-03-10",4.85
"1989-03-11",4.84
"1989-03-12",4.8
"1989-03-13",4.79
"1989-03-14",4.8
"1989-03-15",4.85
"1989-03-16",4.95
"1989-03-17",5.1
"1989-03-18",5.4
"1989-03-19",5.9
"1989-03-20",6.48
"1989-03-21",7.1
"1989-03-22",7.6
"1989-03-23",8.3
"1989-03-24",9.1
"1989-03-25",10.2
"1989-03-26",11.4
"1989-03-27",13
"1989-03-28",14.8
"1989-03-29",14.5
"1989-03-30",12.4
"1989-03-31",12
"1989-04-01",10.2
"1989-04-02",9.34
"1989-04-03",8.67
"1989-04-04",8.56
"1989-04-05",9.42
"1989-04-06",11
"1989-04-07",12.6
"1989-04-08",15.4
"1989-04-09",12.1
"1989-04-10",10.6
"1989-04-11",10.7
"1989-04-12",12
"1989-04-13",14
"1989-04-14",16
"1989-04-15",20
"1989-04-16",28.3
"1989-04-17",25
"1989-04-18",27.3
"1989-04-19",31.2
"1989-04-20",42.6
"1989-04-21",65.6
"1989-04-22",87.8
"1989-04-23",88.2
"1989-04-24",71.8
"1989-04-25",60
"1989-04-26",53.6
"1989-04-27",47.6
"1989-04-28",42.4
"1989-04-29",39.1
"1989-04-30",41.8
"1989-05-01",52.9
"1989-05-02",74.9
"1989-05-03",88.8
"1989-05-04",92.1
"1989-05-05",102
"1989-05-06",124
"1989-05-07",162
"1989-05-08",181
"1989-05-09",168
"1989-05-10",169
"1989-05-11",173
"1989-05-12",148
"1989-05-13",124
"1989-05-14",106
"1989-05-15",95
"1989-05-16",92.5
"1989-05-17",95.3
"1989-05-18",95.5
"1989-05-19",89.2
"1989-05-20",80.5
"1989-05-21",74
"1989-05-22",70.7
"1989-05-23",73.8
"1989-05-24",80
"1989-05-25",75.2
"1989-05-26",74.1
"1989-05-27",70.1
"1989-05-28",73
"1989-05-29",66.2
"1989-05-30",69.8
"1989-05-31",80.8
"1989-06-01",110
"1989-06-02",139
"1989-06-03",157
"1989-06-04",154
"1989-06-05",148
"1989-06-06",161
"1989-06-07",170
"1989-06-08",163
"1989-06-09",155
"1989-06-10",157
"1989-06-11",170
"1989-06-12",158
"1989-06-13",146
"1989-06-14",141
"1989-06-15",132
"1989-06-16",130
"1989-06-17",115
"1989-06-18",100
"1989-06-19",93.1
"1989-06-20",88.8
"1989-06-21",81.9
"1989-06-22",75
"1989-06-23",72.5
"1989-06-24",68.8
"1989-06-25",75.6
"1989-06-26",73
"1989-06-27",67.5
"1989-06-28",63.4
"1989-06-29",59.6
"1989-06-30",57.2
"1989-07-01",55.1
"1989-07-02",52
"1989-07-03",47.9
"1989-07-04",44.2
"1989-07-05",41.6
"1989-07-06",39.3
"1989-07-07",37
"1989-07-08",34.8
"1989-07-09",33.7
"1989-07-10",36.3
"1989-07-11",42.1
"1989-07-12",35
"1989-07-13",37.4
"1989-07-14",62.2
"1989-07-15",53.9
"1989-07-16",56
"1989-07-17",50.3
"1989-07-18",44.6
"1989-07-19",39.6
"1989-07-20",36.9
"1989-07-21",34.4
"1989-07-22",31.5
"1989-07-23",29.7
"1989-07-24",28
"1989-07-25",26.2
"1989-07-26",24.9
"1989-07-27",24.1
"1989-07-28",23.3
"1989-07-29",22.1
"1989-07-30",21.2
"1989-07-31",20.5
"1989-08-01",20.1
"1989-08-02",20.5
"1989-08-03",19.6
"1989-08-04",18.9
"1989-08-05",18.2
"1989-08-06",17.7
"1989-08-07",17.3
"1989-08-08",17.5
"1989-08-09",17.4
"1989-08-10",16.9
"1989-08-11",15.9
"1989-08-12",15.1
"1989-08-13",14.6
"1989-08-14",15.3
"1989-08-15",15
"1989-08-16",14.1
"1989-08-17",13.5
"1989-08-18",13.3
"1989-08-19",13.1
"1989-08-20",12.7
"1989-08-21",12.4
"1989-08-22",12.1
"1989-08-23",11.9
"1989-08-24",12.8
"1989-08-25",16.8
"1989-08-26",19.2
"1989-08-27",22.4
"1989-08-28",26
"1989-08-29",26
"1989-08-30",24.4
"1989-08-31",23
"1989-09-01",21.8
"1989-09-02",24.2
"1989-09-03",26.9
"1989-09-04",26.1
"1989-09-05",26.3
"1989-09-06",28.8
"1989-09-07",27.4
"1989-09-08",26.6
"1989-09-09",26.1
"1989-09-10",26.3
"1989-09-11",25.7
"1989-09-12",25
"1989-09-13",23.8
"1989-09-14",22.8
"1989-09-15",21.8
"1989-09-16",20.8
"1989-09-17",20.2
"1989-09-18",20.7
"1989-09-19",20
"1989-09-20",19.2
"1989-09-21",18.3
"1989-09-22",17.6
"1989-09-23",16.8
"1989-09-24",16.3
"1989-09-25",15.8
"1989-09-26",15.4
"1989-09-27",14.9
"1989-09-28",14.5
"1989-09-29",14.1
"1989-09-30",13.9
"1989-10-01",14.3
"1989-10-02",14.4
"1989-10-03",13.7
"1989-10-04",13.2
"1989-10-05",13.2
"1989-10-06",13.4
"1989-10-07",13.2
"1989-10-08",12.9
"1989-10-09",12.5
"1989-10-10",12.3
"1989-10-11",12.8
"1989-10-12",13.3
"1989-10-13",14.9
"1989-10-14",18
"1989-10-15",19.2
"1989-10-16",16.7
"1989-10-17",15.5
"1989-10-18",14.3
"1989-10-19",14.8
"1989-10-20",14.4
"1989-10-21",17.7
"1989-10-22",24.3
"1989-10-23",23.7
"1989-10-24",22.8
"1989-10-25",22.4
"1989-10-26",21.4
"1989-10-27",20.6
"1989-10-28",20.5
"1989-10-29",19.2
"1989-10-30",17.5
"1989-10-31",18.2
"1989-11-01",16.2
"1989-11-02",14.9
"1989-11-03",17.1
"1989-11-04",17.5
"1989-11-05",17.7
"1989-11-06",15.9
"1989-11-07",16.1
"1989-11-08",14.9
"1989-11-09",15
"1989-11-10",19.3
"1989-11-11",81.7
"1989-11-12",82.9
"1989-11-13",65
"1989-11-14",51.8
"1989-11-15",41.5
"1989-11-16",37.5
"1989-11-17",37.8
"1989-11-18",34.6
"1989-11-19",34.3
"1989-11-20",36.5
"1989-11-21",38.1
"1989-11-22",35.1
"1989-11-23",30.2
"1989-11-24",32
"1989-11-25",30.4
"1989-11-26",26.6
"1989-11-27",22.3
"1989-11-28",22.1
"1989-11-29",25.4
"1989-11-30",23.2
"1989-12-01",22
"1989-12-02",22.4
"1989-12-03",24.7
"1989-12-04",24.5
"1989-12-05",27.5
"1989-12-06",25.8
"1989-12-07",23.1
"1989-12-08",22.7
"1989-12-09",23.6
"1989-12-10",17.4
"1989-12-11",6.24
"1989-12-12",7.4
"1989-12-13",9.47
"1989-12-14",9.3
"1989-12-15",8.8
"1989-12-16",8.3
"1989-12-17",7.8
"1989-12-18",7.55
"1989-12-19",7.1
"1989-12-20",6.8
"1989-12-21",6.6
"1989-12-22",12.5
"1989-12-23",23
"1989-12-24",50
"1989-12-25",40
"1989-12-26",32
"1989-12-27",25.5
"1989-12-28",20
"1989-12-29",16
"1989-12-30",14.2
"1989-12-31",14.3
"1990-01-01",14.6
"1990-01-02",15.1
"1990-01-03",15.5
"1990-01-04",15.7
"1990-01-05",15.8
"1990-01-06",15.9
"1990-01-07",16
"1990-01-08",15.9
"1990-01-09",15.7
"1990-01-10",14.9
"1990-01-11",14.4
"1990-01-12",14.3
"1990-01-13",14.4
"1990-01-14",14.3
"1990-01-15",13.8
"1990-01-16",12.9
"1990-01-17",12.2
"1990-01-18",11.8
"1990-01-19",11.7
"1990-01-20",11.6
"1990-01-21",11.8
"1990-01-22",12.1
"1990-01-23",12.2
"1990-01-24",11.8
"1990-01-25",11.4
"1990-01-26",11.1
"1990-01-27",10.6
"1990-01-28",10.3
"1990-01-29",10
"1990-01-30",9.75
"1990-01-31",9.5
"1990-02-01",9.45
"1990-02-02",9.5
"1990-02-03",9.6
"1990-02-04",9.62
"1990-02-05",9.55
"1990-02-06",9.5
"1990-02-07",9.65
"1990-02-08",9.9
"1990-02-09",10
"1990-02-10",9.9
"1990-02-11",9.65
"1990-02-12",9.55
"1990-02-13",9.49
"1990-02-14",9.4
"1990-02-15",9.35
"1990-02-16",9.3
"1990-02-17",9.25
"1990-02-18",9.2
"1990-02-19",9.15
"1990-02-20",9.6
"1990-02-21",10.2
"1990-02-22",10.8
"1990-02-23",11.1
"1990-02-24",12.2
"1990-02-25",13
"1990-02-26",12
"1990-02-27",10.9
"1990-02-28",10.5
"1990-03-01",10.4
"1990-03-02",10.6
"1990-03-03",10.8
"1990-03-04",11
"1990-03-05",11.3
"1990-03-06",11.7
"1990-03-07",11.8
"1990-03-08",12
"1990-03-09",10.5
"1990-03-10",10.1
"1990-03-11",9.48
"1990-03-12",9.26
"1990-03-13",9.2
"1990-03-14",9.25
"1990-03-15",9.35
"1990-03-16",9.45
"1990-03-17",9.75
"1990-03-18",10
"1990-03-19",10.3
"1990-03-20",10.4
"1990-03-21",10.3
"1990-03-22",10
"1990-03-23",9.9
"1990-03-24",10
"1990-03-25",10.5
"1990-03-26",11.4
"1990-03-27",10.9
"1990-03-28",10.9
"1990-03-29",11.2
"1990-03-30",13.2
"1990-03-31",16.2
"1990-04-01",19.2
"1990-04-02",21.5
"1990-04-03",30
"1990-04-04",33.5
"1990-04-05",31.4
"1990-04-06",30
"1990-04-07",29.9
"1990-04-08",31.3
"1990-04-09",30.7
"1990-04-10",25.2
"1990-04-11",26.2
"1990-04-12",27.6
"1990-04-13",27.4
"1990-04-14",28.4
"1990-04-15",32.2
"1990-04-16",36.7
"1990-04-17",38.1
"1990-04-18",42.6
"1990-04-19",56.8
"1990-04-20",75.2
"1990-04-21",90.1
"1990-04-22",103
"1990-04-23",108
"1990-04-24",107
"1990-04-25",101
"1990-04-26",91.8
"1990-04-27",83.1
"1990-04-28",79.1
"1990-04-29",68.7
"1990-04-30",63.1
"1990-05-01",64.5
"1990-05-02",69.6
"1990-05-03",75.6
"1990-05-04",88.3
"1990-05-05",110
"1990-05-06",167
"1990-05-07",183
"1990-05-08",154
"1990-05-09",128
"1990-05-10",116
"1990-05-11",105
"1990-05-12",100
"1990-05-13",97.1
"1990-05-14",94.6
"1990-05-15",91.9
"1990-05-16",89.3
"1990-05-17",88.1
"1990-05-18",92.6
"1990-05-19",101
"1990-05-20",107
"1990-05-21",106
"1990-05-22",104
"1990-05-23",109
"1990-05-24",147
"1990-05-25",355
"1990-05-26",418
"1990-05-27",337
"1990-05-28",277
"1990-05-29",338
"1990-05-30",391
"1990-05-31",359
"1990-06-01",324
"1990-06-02",288
"1990-06-03",264
"1990-06-04",245
"1990-06-05",228
"1990-06-06",205
"1990-06-07",190
"1990-06-08",183
"1990-06-09",172
"1990-06-10",171
"1990-06-11",183
"1990-06-12",179
"1990-06-13",159
"1990-06-14",149
"1990-06-15",138
"1990-06-16",127
"1990-06-17",121
"1990-06-18",120
"1990-06-19",120
"1990-06-20",122
"1990-06-21",129
"1990-06-22",133
"1990-06-23",133
"1990-06-24",136
"1990-06-25",139
"1990-06-26",139
"1990-06-27",136
"1990-06-28",114
"1990-06-29",114
"1990-06-30",107
"1990-07-01",105
"1990-07-02",101
"1990-07-03",95.5
"1990-07-04",87.7
"1990-07-05",80
"1990-07-06",74.7
"1990-07-07",72.1
"1990-07-08",71.9
"1990-07-09",65.7
"1990-07-10",62.6
"1990-07-11",60.1
"1990-07-12",58.7
"1990-07-13",57.1
"1990-07-14",55.4
"1990-07-15",52.8
"1990-07-16",48.9
"1990-07-17",45.7
"1990-07-18",42.7
"1990-07-19",44.8
"1990-07-20",44.9
"1990-07-21",40.5
"1990-07-22",36.7
"1990-07-23",34.2
"1990-07-24",38.1
"1990-07-25",56.1
"1990-07-26",105
"1990-07-27",97.3
"1990-07-28",87.4
"1990-07-29",78.9
"1990-07-30",71.4
"1990-07-31",64.1
"1990-08-01",59.3
"1990-08-02",56.7
"1990-08-03",54.8
"1990-08-04",48.9
"1990-08-05",44.6
"1990-08-06",41
"1990-08-07",37.4
"1990-08-08",34.8
"1990-08-09",32.9
"1990-08-10",30.9
"1990-08-11",29.2
"1990-08-12",28.4
"1990-08-13",27.5
"1990-08-14",26.1
"1990-08-15",24.6
"1990-08-16",24.3
"1990-08-17",23.6
"1990-08-18",25.4
"1990-08-19",25.6
"1990-08-20",27.2
"1990-08-21",26
"1990-08-22",22.9
"1990-08-23",20.9
"1990-08-24",21.8
"1990-08-25",22.9
"1990-08-26",24.4
"1990-08-27",22.3
"1990-08-28",19.7
"1990-08-29",18
"1990-08-30",17.5
"1990-08-31",17.3
"1990-09-01",17.1
"1990-09-02",17
"1990-09-03",16.8
"1990-09-04",16.3
"1990-09-05",15.8
"1990-09-06",15.3
"1990-09-07",14.6
"1990-09-08",14.2
"1990-09-09",14.1
"1990-09-10",13.8
"1990-09-11",13.5
"1990-09-12",13.2
"1990-09-13",13.9
"1990-09-14",14.1
"1990-09-15",13.1
"1990-09-16",12.7
"1990-09-17",12.5
"1990-09-18",12.3
"1990-09-19",12
"1990-09-20",12
"1990-09-21",11.8
"1990-09-22",11.6
"1990-09-23",11.4
"1990-09-24",11.1
"1990-09-25",10.8
"1990-09-26",10.7
"1990-09-27",10.8
"1990-09-28",10.8
"1990-09-29",10.8
"1990-09-30",10.8
"1990-10-01",10.6
"1990-10-02",10.8
"1990-10-03",11.1
"1990-10-04",11
"1990-10-05",26.8
"1990-10-06",32.3
"1990-10-07",22.2
"1990-10-08",19.1
"1990-10-09",18
"1990-10-10",18.7
"1990-10-11",19.9
"1990-10-12",18.1
"1990-10-13",17.6
"1990-10-14",17.1
"1990-10-15",16.4
"1990-10-16",16.3
"1990-10-17",15.8
"1990-10-18",15.2
"1990-10-19",15.5
"1990-10-20",14.9
"1990-10-21",14.3
"1990-10-22",14.9
"1990-10-23",14.8
"1990-10-24",14.4
"1990-10-25",14.4
"1990-10-26",14.8
"1990-10-27",18.2
"1990-10-28",16.9
"1990-10-29",17.5
"1990-10-30",17.4
"1990-10-31",17.5
"1990-11-01",20
"1990-11-02",19.9
"1990-11-03",18
"1990-11-04",17
"1990-11-05",18.4
"1990-11-06",15
"1990-11-07",13.9
"1990-11-08",17.5
"1990-11-09",18.1
"1990-11-10",25.9
"1990-11-11",67.2
"1990-11-12",70.3
"1990-11-13",57.3
"1990-11-14",51.4
"1990-11-15",43.7
"1990-11-16",37.1
"1990-11-17",34.1
"1990-11-18",30.9
"1990-11-19",26.7
"1990-11-20",24.5
"1990-11-21",22
"1990-11-22",22.3
"1990-11-23",25.5
"1990-11-24",21.5
"1990-11-25",17.5
"1990-11-26",15
"1990-11-27",16.2
"1990-11-28",16.5
"1990-11-29",17.4
"1990-11-30",16.5
"1990-12-01",15.8
"1990-12-02",13.1
"1990-12-03",11.6
"1990-12-04",15.8
"1990-12-05",15.5
"1990-12-06",14.8
"1990-12-07",15.5
"1990-12-08",15.6
"1990-12-09",16
"1990-12-10",16.4
"1990-12-11",15.3
"1990-12-12",13.5
"1990-12-13",9.63
"1990-12-14",8.68
"1990-12-15",11.9
"1990-12-16",11.7
"1990-12-17",12.2
"1990-12-18",12.4
"1990-12-19",8.82
"1990-12-20",5.25
"1990-12-21",5
"1990-12-22",4.8
"1990-12-23",4.9
"1990-12-24",5
"1990-12-25",5.2
"1990-12-26",5.4
"1990-12-27",5.3
"1990-12-28",5.25
"1990-12-29",5.2
"1990-12-30",5.2
"1990-12-31",5.5
"1991-01-01",5.4
"1991-01-02",6
"1991-01-03",6.6
"1991-01-04",7
"1991-01-05",7.5
"1991-01-06",8
"1991-01-07",8.6
"1991-01-08",9.2
"1991-01-09",9.4
"1991-01-10",9.7
"1991-01-11",10.2
"1991-01-12",10.4
"1991-01-13",11.1
"1991-01-14",11.8
"1991-01-15",12.3
"1991-01-16",12.7
"1991-01-17",13
"1991-01-18",12.9
"1991-01-19",12.4
"1991-01-20",11.7
"1991-01-21",10
"1991-01-22",9.7
"1991-01-23",9.5
"1991-01-24",9.4
"1991-01-25",9.4
"1991-01-26",9.3
"1991-01-27",9.2
"1991-01-28",9
"1991-01-29",8.7
"1991-01-30",8.6
"1991-01-31",8.9
"1991-02-01",9.5
"1991-02-02",11.5
"1991-02-03",13.6
"1991-02-04",14
"1991-02-05",14
"1991-02-06",13.9
"1991-02-07",13.7
"1991-02-08",13.6
"1991-02-09",13.4
"1991-02-10",13.4
"1991-02-11",13.5
"1991-02-12",13.9
"1991-02-13",14.6
"1991-02-14",15.1
"1991-02-15",15.1
"1991-02-16",15.1
"1991-02-17",14.9
"1991-02-18",14.8
"1991-02-19",14.7
"1991-02-20",14.4
"1991-02-21",13.6
"1991-02-22",12.5
"1991-02-23",11.5
"1991-02-24",10.8
"1991-02-25",10.8
"1991-02-26",10.8
"1991-02-27",10.8
"1991-02-28",10
"1991-03-01",7.39
"1991-03-02",6.07
"1991-03-03",9.32
"1991-03-04",12.5
"1991-03-05",11.8
"1991-03-06",12.2
"1991-03-07",12.2
"1991-03-08",12.3
"1991-03-09",12.3
"1991-03-10",12.3
"1991-03-11",12
"1991-03-12",11.7
"1991-03-13",11.5
"1991-03-14",11.6
"1991-03-15",11.2
"1991-03-16",11
"1991-03-17",11.1
"1991-03-18",11.3
"1991-03-19",12.6
"1991-03-20",13.1
"1991-03-21",14
"1991-03-22",14.8
"1991-03-23",13.9
"1991-03-24",13.5
"1991-03-25",12
"1991-03-26",10.9
"1991-03-27",10.5
"1991-03-28",12
"1991-03-29",12.3
"1991-03-30",12.6
"1991-03-31",14.3
"1991-04-01",15.5
"1991-04-02",19.6
"1991-04-03",21.5
"1991-04-04",21.8
"1991-04-05",26.6
"1991-04-06",36.1
"1991-04-07",41.4
"1991-04-08",41.8
"1991-04-09",40.9
"1991-04-10",39.5
"1991-04-11",37.7
"1991-04-12",34.8
"1991-04-13",32.2
"1991-04-14",31.7
"1991-04-15",32.3
"1991-04-16",31.8
"1991-04-17",30.7
"1991-04-18",29.3
"1991-04-19",29.1
"1991-04-20",30.6
"1991-04-21",34
"1991-04-22",38.5
"1991-04-23",43.5
"1991-04-24",49
"1991-04-25",53.9
"1991-04-26",56.7
"1991-04-27",58.4
"1991-04-28",59.2
"1991-04-29",59.7
"1991-04-30",60.1
"1991-05-01",60.5
"1991-05-02",60.7
"1991-05-03",61.1
"1991-05-04",61
"1991-05-05",61.1
"1991-05-06",61.3
"1991-05-07",61.7
"1991-05-08",62.2
"1991-05-09",63.3
"1991-05-10",65.3
"1991-05-11",66.1
"1991-05-12",67.5
"1991-05-13",69.7
"1991-05-14",73.3
"1991-05-15",75.6
"1991-05-16",77.6
"1991-05-17",78.9
"1991-05-18",79.3
"1991-05-19",81.3
"1991-05-20",83.9
"1991-05-21",85.9
"1991-05-22",87.8
"1991-05-23",88.9
"1991-05-24",90.1
"1991-05-25",91
"1991-05-26",91.9
"1991-05-27",93
"1991-05-28",94.6
"1991-05-29",94.5
"1991-05-30",95.3
"1991-05-31",95.8
"1991-06-01",96.5
"1991-06-02",97.5
"1991-06-03",101
"1991-06-04",112
"1991-06-05",150
"1991-06-06",158
"1991-06-07",153
"1991-06-08",147
"1991-06-09",145
"1991-06-10",144
"1991-06-11",156
"1991-06-12",172
"1991-06-13",169
"1991-06-14",151
"1991-06-15",131
"1991-06-16",118
"1991-06-17",110
"1991-06-18",104
"1991-06-19",99.4
"1991-06-20",112
"1991-06-21",275
"1991-06-22",379
"1991-06-23",326
"1991-06-24",270
"1991-06-25",246
"1991-06-26",231
"1991-06-27",217
"1991-06-28",208
"1991-06-29",203
"1991-06-30",197
"1991-07-01",187
"1991-07-02",176
"1991-07-03",168
"1991-07-04",162
"1991-07-05",157
"1991-07-06",148
"1991-07-07",135
"1991-07-08",121
"1991-07-09",114
"1991-07-10",110
"1991-07-11",112
"1991-07-12",109
"1991-07-13",104
"1991-07-14",100
"1991-07-15",96.7
"1991-07-16",94.2
"1991-07-17",92.8
"1991-07-18",92.5
"1991-07-19",92.3
"1991-07-20",91.9
"1991-07-21",91.6
"1991-07-22",91.7
"1991-07-23",91.9
"1991-07-24",91.6
"1991-07-25",91.3
"1991-07-26",91.1
"1991-07-27",91
"1991-07-28",90.9
"1991-07-29",90.6
"1991-07-30",90.5
"1991-07-31",90.3
"1991-08-01",90.1
"1991-08-02",90.1
"1991-08-03",90.1
"1991-08-04",90
"1991-08-05",89.9
"1991-08-06",89.6
"1991-08-07",89.3
"1991-08-08",89
"1991-08-09",88.7
"1991-08-10",88.4
"1991-08-11",88
"1991-08-12",87.9
"1991-08-13",87.5
"1991-08-14",87
"1991-08-15",86.8
"1991-08-16",86.5
"1991-08-17",86.2
"1991-08-18",86
"1991-08-19",85.6
"1991-08-20",85.3
"1991-08-21",84.9
"1991-08-22",84.7
"1991-08-23",84.2
"1991-08-24",83.8
"1991-08-25",83.3
"1991-08-26",82.8
"1991-08-27",82.1
"1991-08-28",81.2
"1991-08-29",80.5
"1991-08-30",75.2
"1991-08-31",70.8
"1991-09-01",69.9
"1991-09-02",63.8
"1991-09-03",54.3
"1991-09-04",45.1
"1991-09-05",34.7
"1991-09-06",25.7
"1991-09-07",22.5
"1991-09-08",22.3
"1991-09-09",21.6
"1991-09-10",21.4
"1991-09-11",21.2
"1991-09-12",21.2
"1991-09-13",21.3
"1991-09-14",21.3
"1991-09-15",21.3
"1991-09-16",21.2
"1991-09-17",21.2
"1991-09-18",21.2
"1991-09-19",21.2
"1991-09-20",21.1
"1991-09-21",21.4
"1991-09-22",21.3
"1991-09-23",21.3
"1991-09-24",20.8
"1991-09-25",21.1
"1991-09-26",21.2
"1991-09-27",21.1
"1991-09-28",21.1
"1991-09-29",21
"1991-09-30",21
"1991-10-01",21
"1991-10-02",21
"1991-10-03",21.2
"1991-10-04",21.3
"1991-10-05",21.4
"1991-10-06",21.5
"1991-10-07",34.3
"1991-10-08",49.2
"1991-10-09",53.9
"1991-10-10",47.2
"1991-10-11",40.1
"1991-10-12",39.9
"1991-10-13",39.8
"1991-10-14",39.8
"1991-10-15",36.3
"1991-10-16",26
"1991-10-17",17.5
"1991-10-18",14.5
"1991-10-19",14.4
"1991-10-20",14.5
"1991-10-21",13.1
"1991-10-22",11
"1991-10-23",11.1
"1991-10-24",11
"1991-10-25",10.9
"1991-10-26",10.8
"1991-10-27",10.7
"1991-10-28",10.6
"1991-10-29",10.5
"1991-10-30",10.4
"1991-10-31",10.2
"1991-11-01",10.1
"1991-11-02",10.2
"1991-11-03",10.2
"1991-11-04",10.1
"1991-11-05",10.1
"1991-11-06",10.1
"1991-11-07",10.2
"1991-11-08",10.2
"1991-11-09",10.3
"1991-11-10",10.3
"1991-11-11",10.3
"1991-11-12",10.3
"1991-11-13",10.3
"1991-11-14",10.3
"1991-11-15",10.4
"1991-11-16",10.3
"1991-11-17",10.3
"1991-11-18",10.4
"1991-11-19",10.4
"1991-11-20",10.4
"1991-11-21",10.5
"1991-11-22",10.5
"1991-11-23",10.6
"1991-11-24",10.6
"1991-11-25",10.6
"1991-11-26",10.6
"1991-11-27",10.6
"1991-11-28",10.6
"1991-11-29",10.6
"1991-11-30",10.6
"1991-12-01",10.6
"1991-12-02",10.5
"1991-12-03",10.5
"1991-12-04",10.6
"1991-12-05",10.7
"1991-12-06",13
"1991-12-07",10.5
"1991-12-08",10.5
"1991-12-09",10.4
"1991-12-10",10.4
"1991-12-11",10.4
"1991-12-12",10.3
"1991-12-13",10.3
"1991-12-14",10.2
"1991-12-15",10.1
"1991-12-16",10.1
"1991-12-17",10.1
"1991-12-18",10.2
"1991-12-19",10
"1991-12-20",9.8
"1991-12-21",9.46
"1991-12-22",9.51
"1991-12-23",9.5
"1991-12-24",9.4
"1991-12-25",9.33
"1991-12-26",9.34
"1991-12-27",9.24
"1991-12-28",9.23
"1991-12-29",9.2
"1991-12-30",9.17
"1991-12-31",9.08

Mean daily flow, Oldman Rivernear Brocket, Jan 01, 1988 to Dec 31, 1991

